953175,train,953175_sat.jpg,953175_mask.png
562586,train,562586_sat.jpg,562586_mask.png
403979,train,403979_sat.jpg,403979_mask.png
998098,train,998098_sat.jpg,998098_mask.png
188924,train,188924_sat.jpg,188924_mask.png
274946,train,274946_sat.jpg,274946_mask.png
973434,train,973434_sat.jpg,973434_mask.png
437068,train,437068_sat.jpg,437068_mask.png
296629,train,296629_sat.jpg,296629_mask.png
175779,train,175779_sat.jpg,175779_mask.png
771517,train,771517_sat.jpg,771517_mask.png
379221,train,379221_sat.jpg,379221_mask.png
623071,train,623071_sat.jpg,623071_mask.png
539039,train,539039_sat.jpg,539039_mask.png
207616,train,207616_sat.jpg,207616_mask.png
526988,train,526988_sat.jpg,526988_mask.png
249353,train,249353_sat.jpg,249353_mask.png
329892,train,329892_sat.jpg,329892_mask.png
839979,train,839979_sat.jpg,839979_mask.png
64398,train,64398_sat.jpg,64398_mask.png
829196,train,829196_sat.jpg,829196_mask.png
947864,train,947864_sat.jpg,947864_mask.png
434989,train,434989_sat.jpg,434989_mask.png
823500,train,823500_sat.jpg,823500_mask.png
373567,train,373567_sat.jpg,373567_mask.png
899689,train,899689_sat.jpg,899689_mask.png
506830,train,506830_sat.jpg,506830_mask.png
887797,train,887797_sat.jpg,887797_mask.png
696812,train,696812_sat.jpg,696812_mask.png
152146,train,152146_sat.jpg,152146_mask.png
88301,train,88301_sat.jpg,88301_mask.png
610367,train,610367_sat.jpg,610367_mask.png
508910,train,508910_sat.jpg,508910_mask.png
339797,train,339797_sat.jpg,339797_mask.png
895620,train,895620_sat.jpg,895620_mask.png
412094,train,412094_sat.jpg,412094_mask.png
330027,train,330027_sat.jpg,330027_mask.png
312261,train,312261_sat.jpg,312261_mask.png
852441,train,852441_sat.jpg,852441_mask.png
207837,train,207837_sat.jpg,207837_mask.png
213657,train,213657_sat.jpg,213657_mask.png
143802,train,143802_sat.jpg,143802_mask.png
841576,train,841576_sat.jpg,841576_mask.png
146735,train,146735_sat.jpg,146735_mask.png
437233,train,437233_sat.jpg,437233_mask.png
795773,train,795773_sat.jpg,795773_mask.png
778294,train,778294_sat.jpg,778294_mask.png
415694,train,415694_sat.jpg,415694_mask.png
910895,train,910895_sat.jpg,910895_mask.png
459732,train,459732_sat.jpg,459732_mask.png
36988,train,36988_sat.jpg,36988_mask.png
725239,train,725239_sat.jpg,725239_mask.png
85748,train,85748_sat.jpg,85748_mask.png
963426,train,963426_sat.jpg,963426_mask.png
110521,train,110521_sat.jpg,110521_mask.png
364680,train,364680_sat.jpg,364680_mask.png
20537,train,20537_sat.jpg,20537_mask.png
675545,train,675545_sat.jpg,675545_mask.png
248678,train,248678_sat.jpg,248678_mask.png
3280,train,3280_sat.jpg,3280_mask.png
310520,train,310520_sat.jpg,310520_mask.png
951596,train,951596_sat.jpg,951596_mask.png
209636,train,209636_sat.jpg,209636_mask.png
48730,train,48730_sat.jpg,48730_mask.png
405461,train,405461_sat.jpg,405461_mask.png
476335,train,476335_sat.jpg,476335_mask.png
385105,train,385105_sat.jpg,385105_mask.png
933111,train,933111_sat.jpg,933111_mask.png
980164,train,980164_sat.jpg,980164_mask.png
296866,train,296866_sat.jpg,296866_mask.png
388859,train,388859_sat.jpg,388859_mask.png
292384,train,292384_sat.jpg,292384_mask.png
260481,train,260481_sat.jpg,260481_mask.png
623924,train,623924_sat.jpg,623924_mask.png
47144,train,47144_sat.jpg,47144_mask.png
556272,train,556272_sat.jpg,556272_mask.png
572867,train,572867_sat.jpg,572867_mask.png
69637,train,69637_sat.jpg,69637_mask.png
242904,train,242904_sat.jpg,242904_mask.png
732310,train,732310_sat.jpg,732310_mask.png
416352,train,416352_sat.jpg,416352_mask.png
860583,train,860583_sat.jpg,860583_mask.png
670271,train,670271_sat.jpg,670271_mask.png
737508,train,737508_sat.jpg,737508_mask.png
886896,train,886896_sat.jpg,886896_mask.png
153163,train,153163_sat.jpg,153163_mask.png
764954,train,764954_sat.jpg,764954_mask.png
232823,train,232823_sat.jpg,232823_mask.png
716091,train,716091_sat.jpg,716091_mask.png
106737,train,106737_sat.jpg,106737_mask.png
465844,train,465844_sat.jpg,465844_mask.png
872856,train,872856_sat.jpg,872856_mask.png
167617,train,167617_sat.jpg,167617_mask.png
478935,train,478935_sat.jpg,478935_mask.png
927175,train,927175_sat.jpg,927175_mask.png
948754,train,948754_sat.jpg,948754_mask.png
893704,train,893704_sat.jpg,893704_mask.png
561133,train,561133_sat.jpg,561133_mask.png
435332,train,435332_sat.jpg,435332_mask.png
56845,train,56845_sat.jpg,56845_mask.png
45299,train,45299_sat.jpg,45299_mask.png
761866,train,761866_sat.jpg,761866_mask.png
611598,train,611598_sat.jpg,611598_mask.png
452525,train,452525_sat.jpg,452525_mask.png
253941,train,253941_sat.jpg,253941_mask.png
226265,train,226265_sat.jpg,226265_mask.png
513436,train,513436_sat.jpg,513436_mask.png
614384,train,614384_sat.jpg,614384_mask.png
288657,train,288657_sat.jpg,288657_mask.png
907550,train,907550_sat.jpg,907550_mask.png
887257,train,887257_sat.jpg,887257_mask.png
937644,train,937644_sat.jpg,937644_mask.png
736329,train,736329_sat.jpg,736329_mask.png
323958,train,323958_sat.jpg,323958_mask.png
263047,train,263047_sat.jpg,263047_mask.png
603570,train,603570_sat.jpg,603570_mask.png
215185,train,215185_sat.jpg,215185_mask.png
946808,train,946808_sat.jpg,946808_mask.png
12810,train,12810_sat.jpg,12810_mask.png
868778,train,868778_sat.jpg,868778_mask.png
711166,train,711166_sat.jpg,711166_mask.png
301644,train,301644_sat.jpg,301644_mask.png
86805,train,86805_sat.jpg,86805_mask.png
20919,train,20919_sat.jpg,20919_mask.png
369061,train,369061_sat.jpg,369061_mask.png
402303,train,402303_sat.jpg,402303_mask.png
27127,train,27127_sat.jpg,27127_mask.png
878394,train,878394_sat.jpg,878394_mask.png
688119,train,688119_sat.jpg,688119_mask.png
944008,train,944008_sat.jpg,944008_mask.png
435016,train,435016_sat.jpg,435016_mask.png
174568,train,174568_sat.jpg,174568_mask.png
299015,train,299015_sat.jpg,299015_mask.png
169228,train,169228_sat.jpg,169228_mask.png
531068,train,531068_sat.jpg,531068_mask.png
889820,train,889820_sat.jpg,889820_mask.png
531276,train,531276_sat.jpg,531276_mask.png
783142,train,783142_sat.jpg,783142_mask.png
104943,train,104943_sat.jpg,104943_mask.png
217025,train,217025_sat.jpg,217025_mask.png
42398,train,42398_sat.jpg,42398_mask.png
40283,train,40283_sat.jpg,40283_mask.png
393111,train,393111_sat.jpg,393111_mask.png
42999,train,42999_sat.jpg,42999_mask.png
262506,train,262506_sat.jpg,262506_mask.png
11570,train,11570_sat.jpg,11570_mask.png
709045,train,709045_sat.jpg,709045_mask.png
944601,train,944601_sat.jpg,944601_mask.png
592128,train,592128_sat.jpg,592128_mask.png
348890,train,348890_sat.jpg,348890_mask.png
638920,train,638920_sat.jpg,638920_mask.png
631714,train,631714_sat.jpg,631714_mask.png
94034,train,94034_sat.jpg,94034_mask.png
623074,train,623074_sat.jpg,623074_mask.png
227114,train,227114_sat.jpg,227114_mask.png
438135,train,438135_sat.jpg,438135_mask.png
232116,train,232116_sat.jpg,232116_mask.png
901237,train,901237_sat.jpg,901237_mask.png
117332,train,117332_sat.jpg,117332_mask.png
514453,train,514453_sat.jpg,514453_mask.png
387383,train,387383_sat.jpg,387383_mask.png
999667,train,999667_sat.jpg,999667_mask.png
929277,train,929277_sat.jpg,929277_mask.png
536089,train,536089_sat.jpg,536089_mask.png
408080,train,408080_sat.jpg,408080_mask.png
343000,train,343000_sat.jpg,343000_mask.png
642760,train,642760_sat.jpg,642760_mask.png
976759,train,976759_sat.jpg,976759_mask.png
235933,train,235933_sat.jpg,235933_mask.png
471033,train,471033_sat.jpg,471033_mask.png
5415,train,5415_sat.jpg,5415_mask.png
982866,train,982866_sat.jpg,982866_mask.png
643671,train,643671_sat.jpg,643671_mask.png
65217,train,65217_sat.jpg,65217_mask.png
428325,train,428325_sat.jpg,428325_mask.png
941847,train,941847_sat.jpg,941847_mask.png
694679,train,694679_sat.jpg,694679_mask.png
26044,train,26044_sat.jpg,26044_mask.png
264218,train,264218_sat.jpg,264218_mask.png
936196,train,936196_sat.jpg,936196_mask.png
341439,train,341439_sat.jpg,341439_mask.png
615681,train,615681_sat.jpg,615681_mask.png
220692,train,220692_sat.jpg,220692_mask.png
822425,train,822425_sat.jpg,822425_mask.png
454721,train,454721_sat.jpg,454721_mask.png
966535,train,966535_sat.jpg,966535_mask.png
832501,train,832501_sat.jpg,832501_mask.png
985216,train,985216_sat.jpg,985216_mask.png
880545,train,880545_sat.jpg,880545_mask.png
449967,train,449967_sat.jpg,449967_mask.png
782793,train,782793_sat.jpg,782793_mask.png
944589,train,944589_sat.jpg,944589_mask.png
330241,train,330241_sat.jpg,330241_mask.png
751585,train,751585_sat.jpg,751585_mask.png
641064,train,641064_sat.jpg,641064_mask.png
7011,train,7011_sat.jpg,7011_mask.png
649400,train,649400_sat.jpg,649400_mask.png
372171,train,372171_sat.jpg,372171_mask.png
841286,train,841286_sat.jpg,841286_mask.png
42547,train,42547_sat.jpg,42547_mask.png
628494,train,628494_sat.jpg,628494_mask.png
566503,train,566503_sat.jpg,566503_mask.png
354968,train,354968_sat.jpg,354968_mask.png
699877,train,699877_sat.jpg,699877_mask.png
981645,train,981645_sat.jpg,981645_mask.png
479400,train,479400_sat.jpg,479400_mask.png
276302,train,276302_sat.jpg,276302_mask.png
940791,train,940791_sat.jpg,940791_mask.png
615960,train,615960_sat.jpg,615960_mask.png
664036,train,664036_sat.jpg,664036_mask.png
41557,train,41557_sat.jpg,41557_mask.png
420996,train,420996_sat.jpg,420996_mask.png
369432,train,369432_sat.jpg,369432_mask.png
995558,train,995558_sat.jpg,995558_mask.png
179253,train,179253_sat.jpg,179253_mask.png
223890,train,223890_sat.jpg,223890_mask.png
48412,train,48412_sat.jpg,48412_mask.png
993226,train,993226_sat.jpg,993226_mask.png
167282,train,167282_sat.jpg,167282_mask.png
193151,train,193151_sat.jpg,193151_mask.png
329670,train,329670_sat.jpg,329670_mask.png
569918,train,569918_sat.jpg,569918_mask.png
235133,train,235133_sat.jpg,235133_mask.png
569697,train,569697_sat.jpg,569697_mask.png
144666,train,144666_sat.jpg,144666_mask.png
25367,train,25367_sat.jpg,25367_mask.png
541364,train,541364_sat.jpg,541364_mask.png
476874,train,476874_sat.jpg,476874_mask.png
272376,train,272376_sat.jpg,272376_mask.png
90063,train,90063_sat.jpg,90063_mask.png
576228,train,576228_sat.jpg,576228_mask.png
238136,train,238136_sat.jpg,238136_mask.png
814574,train,814574_sat.jpg,814574_mask.png
824276,train,824276_sat.jpg,824276_mask.png
102408,train,102408_sat.jpg,102408_mask.png
263363,train,263363_sat.jpg,263363_mask.png
74988,train,74988_sat.jpg,74988_mask.png
738813,train,738813_sat.jpg,738813_mask.png
81104,train,81104_sat.jpg,81104_mask.png
195113,train,195113_sat.jpg,195113_mask.png
860546,train,860546_sat.jpg,860546_mask.png
924336,train,924336_sat.jpg,924336_mask.png
347985,train,347985_sat.jpg,347985_mask.png
99639,train,99639_sat.jpg,99639_mask.png
291574,train,291574_sat.jpg,291574_mask.png
314550,train,314550_sat.jpg,314550_mask.png
318586,train,318586_sat.jpg,318586_mask.png
920629,train,920629_sat.jpg,920629_mask.png
971922,train,971922_sat.jpg,971922_mask.png
839951,train,839951_sat.jpg,839951_mask.png
42359,train,42359_sat.jpg,42359_mask.png
953495,train,953495_sat.jpg,953495_mask.png
435064,train,435064_sat.jpg,435064_mask.png
508914,train,508914_sat.jpg,508914_mask.png
197293,train,197293_sat.jpg,197293_mask.png
165776,train,165776_sat.jpg,165776_mask.png
36057,train,36057_sat.jpg,36057_mask.png
563528,train,563528_sat.jpg,563528_mask.png
780479,train,780479_sat.jpg,780479_mask.png
546615,train,546615_sat.jpg,546615_mask.png
337912,train,337912_sat.jpg,337912_mask.png
358082,train,358082_sat.jpg,358082_mask.png
442830,train,442830_sat.jpg,442830_mask.png
224711,train,224711_sat.jpg,224711_mask.png
259464,train,259464_sat.jpg,259464_mask.png
995758,train,995758_sat.jpg,995758_mask.png
750210,train,750210_sat.jpg,750210_mask.png
519597,train,519597_sat.jpg,519597_mask.png
421122,train,421122_sat.jpg,421122_mask.png
718165,train,718165_sat.jpg,718165_mask.png
226813,train,226813_sat.jpg,226813_mask.png
768045,train,768045_sat.jpg,768045_mask.png
305427,train,305427_sat.jpg,305427_mask.png
52481,train,52481_sat.jpg,52481_mask.png
638829,train,638829_sat.jpg,638829_mask.png
955948,train,955948_sat.jpg,955948_mask.png
645088,train,645088_sat.jpg,645088_mask.png
575556,train,575556_sat.jpg,575556_mask.png
999764,train,999764_sat.jpg,999764_mask.png
202218,train,202218_sat.jpg,202218_mask.png
951072,train,951072_sat.jpg,951072_mask.png
512129,train,512129_sat.jpg,512129_mask.png
129120,train,129120_sat.jpg,129120_mask.png
143807,train,143807_sat.jpg,143807_mask.png
625601,train,625601_sat.jpg,625601_mask.png
431896,train,431896_sat.jpg,431896_mask.png
126309,train,126309_sat.jpg,126309_mask.png
937489,train,937489_sat.jpg,937489_mask.png
682308,train,682308_sat.jpg,682308_mask.png
918063,train,918063_sat.jpg,918063_mask.png
295004,train,295004_sat.jpg,295004_mask.png
622953,train,622953_sat.jpg,622953_mask.png
462068,train,462068_sat.jpg,462068_mask.png
867062,train,867062_sat.jpg,867062_mask.png
428219,train,428219_sat.jpg,428219_mask.png
432560,train,432560_sat.jpg,432560_mask.png
564006,train,564006_sat.jpg,564006_mask.png
132320,train,132320_sat.jpg,132320_mask.png
964566,train,964566_sat.jpg,964566_mask.png
323782,train,323782_sat.jpg,323782_mask.png
78391,train,78391_sat.jpg,78391_mask.png
682291,train,682291_sat.jpg,682291_mask.png
110742,train,110742_sat.jpg,110742_mask.png
604821,train,604821_sat.jpg,604821_mask.png
974250,train,974250_sat.jpg,974250_mask.png
448399,train,448399_sat.jpg,448399_mask.png
755954,train,755954_sat.jpg,755954_mask.png
503368,train,503368_sat.jpg,503368_mask.png
68596,train,68596_sat.jpg,68596_mask.png
603912,train,603912_sat.jpg,603912_mask.png
609106,train,609106_sat.jpg,609106_mask.png
935865,train,935865_sat.jpg,935865_mask.png
730185,train,730185_sat.jpg,730185_mask.png
280022,train,280022_sat.jpg,280022_mask.png
629721,train,629721_sat.jpg,629721_mask.png
343062,train,343062_sat.jpg,343062_mask.png
719143,train,719143_sat.jpg,719143_mask.png
346387,train,346387_sat.jpg,346387_mask.png
978037,train,978037_sat.jpg,978037_mask.png
29889,train,29889_sat.jpg,29889_mask.png
79720,train,79720_sat.jpg,79720_mask.png
462331,train,462331_sat.jpg,462331_mask.png
118005,train,118005_sat.jpg,118005_mask.png
85768,train,85768_sat.jpg,85768_mask.png
443894,train,443894_sat.jpg,443894_mask.png
303879,train,303879_sat.jpg,303879_mask.png
987623,train,987623_sat.jpg,987623_mask.png
646948,train,646948_sat.jpg,646948_mask.png
329237,train,329237_sat.jpg,329237_mask.png
558937,train,558937_sat.jpg,558937_mask.png
981956,train,981956_sat.jpg,981956_mask.png
17707,train,17707_sat.jpg,17707_mask.png
481958,train,481958_sat.jpg,481958_mask.png
354633,train,354633_sat.jpg,354633_mask.png
988559,train,988559_sat.jpg,988559_mask.png
745704,train,745704_sat.jpg,745704_mask.png
476415,train,476415_sat.jpg,476415_mask.png
379021,train,379021_sat.jpg,379021_mask.png
873181,train,873181_sat.jpg,873181_mask.png
138964,train,138964_sat.jpg,138964_mask.png
46601,train,46601_sat.jpg,46601_mask.png
153718,train,153718_sat.jpg,153718_mask.png
524867,train,524867_sat.jpg,524867_mask.png
572797,train,572797_sat.jpg,572797_mask.png
784134,train,784134_sat.jpg,784134_mask.png
170190,train,170190_sat.jpg,170190_mask.png
625246,train,625246_sat.jpg,625246_mask.png
17324,train,17324_sat.jpg,17324_mask.png
263194,train,263194_sat.jpg,263194_mask.png
218391,train,218391_sat.jpg,218391_mask.png
727315,train,727315_sat.jpg,727315_mask.png
145724,train,145724_sat.jpg,145724_mask.png
771823,train,771823_sat.jpg,771823_mask.png
10466,train,10466_sat.jpg,10466_mask.png
577208,train,577208_sat.jpg,577208_mask.png
449027,train,449027_sat.jpg,449027_mask.png
794194,train,794194_sat.jpg,794194_mask.png
604767,train,604767_sat.jpg,604767_mask.png
853676,train,853676_sat.jpg,853676_mask.png
287575,train,287575_sat.jpg,287575_mask.png
286534,train,286534_sat.jpg,286534_mask.png
135183,train,135183_sat.jpg,135183_mask.png
725833,train,725833_sat.jpg,725833_mask.png
419437,train,419437_sat.jpg,419437_mask.png
836056,train,836056_sat.jpg,836056_mask.png
749859,train,749859_sat.jpg,749859_mask.png
652793,train,652793_sat.jpg,652793_mask.png
866827,train,866827_sat.jpg,866827_mask.png
87408,train,87408_sat.jpg,87408_mask.png
945590,train,945590_sat.jpg,945590_mask.png
814358,train,814358_sat.jpg,814358_mask.png
859468,train,859468_sat.jpg,859468_mask.png
866007,train,866007_sat.jpg,866007_mask.png
813301,train,813301_sat.jpg,813301_mask.png
189336,train,189336_sat.jpg,189336_mask.png
802746,train,802746_sat.jpg,802746_mask.png
779168,train,779168_sat.jpg,779168_mask.png
822823,train,822823_sat.jpg,822823_mask.png
865256,train,865256_sat.jpg,865256_mask.png
575623,train,575623_sat.jpg,575623_mask.png
825486,train,825486_sat.jpg,825486_mask.png
98225,train,98225_sat.jpg,98225_mask.png
365134,train,365134_sat.jpg,365134_mask.png
81946,train,81946_sat.jpg,81946_mask.png
131087,train,131087_sat.jpg,131087_mask.png
15237,train,15237_sat.jpg,15237_mask.png
662917,train,662917_sat.jpg,662917_mask.png
224620,train,224620_sat.jpg,224620_mask.png
748989,train,748989_sat.jpg,748989_mask.png
568403,train,568403_sat.jpg,568403_mask.png
159273,train,159273_sat.jpg,159273_mask.png
335644,train,335644_sat.jpg,335644_mask.png
776146,train,776146_sat.jpg,776146_mask.png
733755,train,733755_sat.jpg,733755_mask.png
497305,train,497305_sat.jpg,497305_mask.png
329397,train,329397_sat.jpg,329397_mask.png
730281,train,730281_sat.jpg,730281_mask.png
616342,train,616342_sat.jpg,616342_mask.png
627,train,627_sat.jpg,627_mask.png
418944,train,418944_sat.jpg,418944_mask.png
565207,train,565207_sat.jpg,565207_mask.png
711527,train,711527_sat.jpg,711527_mask.png
446894,train,446894_sat.jpg,446894_mask.png
574652,train,574652_sat.jpg,574652_mask.png
816269,train,816269_sat.jpg,816269_mask.png
639480,train,639480_sat.jpg,639480_mask.png
200602,train,200602_sat.jpg,200602_mask.png
522063,train,522063_sat.jpg,522063_mask.png
530257,train,530257_sat.jpg,530257_mask.png
354754,train,354754_sat.jpg,354754_mask.png
109263,train,109263_sat.jpg,109263_mask.png
861081,train,861081_sat.jpg,861081_mask.png
390180,train,390180_sat.jpg,390180_mask.png
725472,train,725472_sat.jpg,725472_mask.png
406732,train,406732_sat.jpg,406732_mask.png
755605,train,755605_sat.jpg,755605_mask.png
217212,train,217212_sat.jpg,217212_mask.png
713865,train,713865_sat.jpg,713865_mask.png
596771,train,596771_sat.jpg,596771_mask.png
910860,train,910860_sat.jpg,910860_mask.png
583754,train,583754_sat.jpg,583754_mask.png
819858,train,819858_sat.jpg,819858_mask.png
59461,train,59461_sat.jpg,59461_mask.png
297007,train,297007_sat.jpg,297007_mask.png
708268,train,708268_sat.jpg,708268_mask.png
754944,train,754944_sat.jpg,754944_mask.png
500599,train,500599_sat.jpg,500599_mask.png
704600,train,704600_sat.jpg,704600_mask.png
350684,train,350684_sat.jpg,350684_mask.png
209161,train,209161_sat.jpg,209161_mask.png
474767,train,474767_sat.jpg,474767_mask.png
949679,train,949679_sat.jpg,949679_mask.png
879593,train,879593_sat.jpg,879593_mask.png
284729,train,284729_sat.jpg,284729_mask.png
858289,train,858289_sat.jpg,858289_mask.png
402430,train,402430_sat.jpg,402430_mask.png
540706,train,540706_sat.jpg,540706_mask.png
318395,train,318395_sat.jpg,318395_mask.png
180781,train,180781_sat.jpg,180781_mask.png
933294,train,933294_sat.jpg,933294_mask.png
49432,train,49432_sat.jpg,49432_mask.png
942021,train,942021_sat.jpg,942021_mask.png
307908,train,307908_sat.jpg,307908_mask.png
529616,train,529616_sat.jpg,529616_mask.png
966775,train,966775_sat.jpg,966775_mask.png
357961,train,357961_sat.jpg,357961_mask.png
862095,train,862095_sat.jpg,862095_mask.png
675145,train,675145_sat.jpg,675145_mask.png
854216,train,854216_sat.jpg,854216_mask.png
21916,train,21916_sat.jpg,21916_mask.png
226876,train,226876_sat.jpg,226876_mask.png
327909,train,327909_sat.jpg,327909_mask.png
352991,train,352991_sat.jpg,352991_mask.png
899614,train,899614_sat.jpg,899614_mask.png
627789,train,627789_sat.jpg,627789_mask.png
302342,train,302342_sat.jpg,302342_mask.png
805996,train,805996_sat.jpg,805996_mask.png
307293,train,307293_sat.jpg,307293_mask.png
515857,train,515857_sat.jpg,515857_mask.png
133864,train,133864_sat.jpg,133864_mask.png
414238,train,414238_sat.jpg,414238_mask.png
287766,train,287766_sat.jpg,287766_mask.png
263205,train,263205_sat.jpg,263205_mask.png
186608,train,186608_sat.jpg,186608_mask.png
710283,train,710283_sat.jpg,710283_mask.png
321997,train,321997_sat.jpg,321997_mask.png
106448,train,106448_sat.jpg,106448_mask.png
652326,train,652326_sat.jpg,652326_mask.png
368442,train,368442_sat.jpg,368442_mask.png
466175,train,466175_sat.jpg,466175_mask.png
50368,train,50368_sat.jpg,50368_mask.png
845047,train,845047_sat.jpg,845047_mask.png
812751,train,812751_sat.jpg,812751_mask.png
576071,train,576071_sat.jpg,576071_mask.png
305621,train,305621_sat.jpg,305621_mask.png
545764,train,545764_sat.jpg,545764_mask.png
686547,train,686547_sat.jpg,686547_mask.png
881584,train,881584_sat.jpg,881584_mask.png
279193,train,279193_sat.jpg,279193_mask.png
814591,train,814591_sat.jpg,814591_mask.png
39878,train,39878_sat.jpg,39878_mask.png
256332,train,256332_sat.jpg,256332_mask.png
206748,train,206748_sat.jpg,206748_mask.png
949522,train,949522_sat.jpg,949522_mask.png
748548,train,748548_sat.jpg,748548_mask.png
31278,train,31278_sat.jpg,31278_mask.png
503716,train,503716_sat.jpg,503716_mask.png
200004,train,200004_sat.jpg,200004_mask.png
153293,train,153293_sat.jpg,153293_mask.png
658620,train,658620_sat.jpg,658620_mask.png
415859,train,415859_sat.jpg,415859_mask.png
866093,train,866093_sat.jpg,866093_mask.png
546562,train,546562_sat.jpg,546562_mask.png
231352,train,231352_sat.jpg,231352_mask.png
284094,train,284094_sat.jpg,284094_mask.png
723226,train,723226_sat.jpg,723226_mask.png
114487,train,114487_sat.jpg,114487_mask.png
772377,train,772377_sat.jpg,772377_mask.png
993483,train,993483_sat.jpg,993483_mask.png
447836,train,447836_sat.jpg,447836_mask.png
22535,train,22535_sat.jpg,22535_mask.png
327279,train,327279_sat.jpg,327279_mask.png
686810,train,686810_sat.jpg,686810_mask.png
766872,train,766872_sat.jpg,766872_mask.png
904787,train,904787_sat.jpg,904787_mask.png
842069,train,842069_sat.jpg,842069_mask.png
503735,train,503735_sat.jpg,503735_mask.png
428579,train,428579_sat.jpg,428579_mask.png
364982,train,364982_sat.jpg,364982_mask.png
982907,train,982907_sat.jpg,982907_mask.png
77950,train,77950_sat.jpg,77950_mask.png
149841,train,149841_sat.jpg,149841_mask.png
748425,train,748425_sat.jpg,748425_mask.png
429803,train,429803_sat.jpg,429803_mask.png
589420,train,589420_sat.jpg,589420_mask.png
151878,train,151878_sat.jpg,151878_mask.png
859110,train,859110_sat.jpg,859110_mask.png
151321,train,151321_sat.jpg,151321_mask.png
224407,train,224407_sat.jpg,224407_mask.png
49067,train,49067_sat.jpg,49067_mask.png
742678,train,742678_sat.jpg,742678_mask.png
856549,train,856549_sat.jpg,856549_mask.png
851053,train,851053_sat.jpg,851053_mask.png
72689,train,72689_sat.jpg,72689_mask.png
209028,train,209028_sat.jpg,209028_mask.png
842246,train,842246_sat.jpg,842246_mask.png
144350,train,144350_sat.jpg,144350_mask.png
128392,train,128392_sat.jpg,128392_mask.png
805540,train,805540_sat.jpg,805540_mask.png
746839,train,746839_sat.jpg,746839_mask.png
885796,train,885796_sat.jpg,885796_mask.png
181613,train,181613_sat.jpg,181613_mask.png
33983,train,33983_sat.jpg,33983_mask.png
860718,train,860718_sat.jpg,860718_mask.png
878598,train,878598_sat.jpg,878598_mask.png
581535,train,581535_sat.jpg,581535_mask.png
650280,train,650280_sat.jpg,650280_mask.png
197445,train,197445_sat.jpg,197445_mask.png
283581,train,283581_sat.jpg,283581_mask.png
514168,train,514168_sat.jpg,514168_mask.png
485389,train,485389_sat.jpg,485389_mask.png
48306,train,48306_sat.jpg,48306_mask.png
643780,train,643780_sat.jpg,643780_mask.png
500516,train,500516_sat.jpg,500516_mask.png
23145,train,23145_sat.jpg,23145_mask.png
165674,train,165674_sat.jpg,165674_mask.png
715802,train,715802_sat.jpg,715802_mask.png
808910,train,808910_sat.jpg,808910_mask.png
801036,train,801036_sat.jpg,801036_mask.png
303362,train,303362_sat.jpg,303362_mask.png
909838,train,909838_sat.jpg,909838_mask.png
278899,train,278899_sat.jpg,278899_mask.png
662935,train,662935_sat.jpg,662935_mask.png
372555,train,372555_sat.jpg,372555_mask.png
826518,train,826518_sat.jpg,826518_mask.png
571341,train,571341_sat.jpg,571341_mask.png
36646,train,36646_sat.jpg,36646_mask.png
854818,train,854818_sat.jpg,854818_mask.png
621004,train,621004_sat.jpg,621004_mask.png
547238,train,547238_sat.jpg,547238_mask.png
538837,train,538837_sat.jpg,538837_mask.png
892762,train,892762_sat.jpg,892762_mask.png
47935,train,47935_sat.jpg,47935_mask.png
508542,train,508542_sat.jpg,508542_mask.png
908207,train,908207_sat.jpg,908207_mask.png
830465,train,830465_sat.jpg,830465_mask.png
908252,train,908252_sat.jpg,908252_mask.png
513635,train,513635_sat.jpg,513635_mask.png
839402,train,839402_sat.jpg,839402_mask.png
366702,train,366702_sat.jpg,366702_mask.png
336111,train,336111_sat.jpg,336111_mask.png
458825,train,458825_sat.jpg,458825_mask.png
844707,train,844707_sat.jpg,844707_mask.png
301319,train,301319_sat.jpg,301319_mask.png
354829,train,354829_sat.jpg,354829_mask.png
746005,train,746005_sat.jpg,746005_mask.png
5740,train,5740_sat.jpg,5740_mask.png
458727,train,458727_sat.jpg,458727_mask.png
89810,train,89810_sat.jpg,89810_mask.png
415297,train,415297_sat.jpg,415297_mask.png
471994,train,471994_sat.jpg,471994_mask.png
129457,train,129457_sat.jpg,129457_mask.png
669051,train,669051_sat.jpg,669051_mask.png
265174,train,265174_sat.jpg,265174_mask.png
400466,train,400466_sat.jpg,400466_mask.png
447911,train,447911_sat.jpg,447911_mask.png
686693,train,686693_sat.jpg,686693_mask.png
735929,train,735929_sat.jpg,735929_mask.png
146417,train,146417_sat.jpg,146417_mask.png
960631,train,960631_sat.jpg,960631_mask.png
288500,train,288500_sat.jpg,288500_mask.png
110277,train,110277_sat.jpg,110277_mask.png
661589,train,661589_sat.jpg,661589_mask.png
289816,train,289816_sat.jpg,289816_mask.png
52850,train,52850_sat.jpg,52850_mask.png
934063,train,934063_sat.jpg,934063_mask.png
887877,train,887877_sat.jpg,887877_mask.png
380270,train,380270_sat.jpg,380270_mask.png
295092,train,295092_sat.jpg,295092_mask.png
224082,train,224082_sat.jpg,224082_mask.png
536197,train,536197_sat.jpg,536197_mask.png
30635,train,30635_sat.jpg,30635_mask.png
401529,train,401529_sat.jpg,401529_mask.png
640693,train,640693_sat.jpg,640693_mask.png
136722,train,136722_sat.jpg,136722_mask.png
114197,train,114197_sat.jpg,114197_mask.png
869652,train,869652_sat.jpg,869652_mask.png
364184,train,364184_sat.jpg,364184_mask.png
484186,train,484186_sat.jpg,484186_mask.png
436625,train,436625_sat.jpg,436625_mask.png
837294,train,837294_sat.jpg,837294_mask.png
394093,train,394093_sat.jpg,394093_mask.png
736444,train,736444_sat.jpg,736444_mask.png
245951,train,245951_sat.jpg,245951_mask.png
559550,train,559550_sat.jpg,559550_mask.png
801594,train,801594_sat.jpg,801594_mask.png
454285,train,454285_sat.jpg,454285_mask.png
961336,train,961336_sat.jpg,961336_mask.png
312784,train,312784_sat.jpg,312784_mask.png
239044,train,239044_sat.jpg,239044_mask.png
771601,train,771601_sat.jpg,771601_mask.png
940208,train,940208_sat.jpg,940208_mask.png
874302,train,874302_sat.jpg,874302_mask.png
317075,train,317075_sat.jpg,317075_mask.png
87662,train,87662_sat.jpg,87662_mask.png
758267,train,758267_sat.jpg,758267_mask.png
976537,train,976537_sat.jpg,976537_mask.png
163215,train,163215_sat.jpg,163215_mask.png
300643,train,300643_sat.jpg,300643_mask.png
825095,train,825095_sat.jpg,825095_mask.png
959705,train,959705_sat.jpg,959705_mask.png
961531,train,961531_sat.jpg,961531_mask.png
644508,train,644508_sat.jpg,644508_mask.png
969507,train,969507_sat.jpg,969507_mask.png
663252,train,663252_sat.jpg,663252_mask.png
344056,train,344056_sat.jpg,344056_mask.png
747392,train,747392_sat.jpg,747392_mask.png
250816,train,250816_sat.jpg,250816_mask.png
521299,train,521299_sat.jpg,521299_mask.png
50782,train,50782_sat.jpg,50782_mask.png
468274,train,468274_sat.jpg,468274_mask.png
421764,train,421764_sat.jpg,421764_mask.png
236489,train,236489_sat.jpg,236489_mask.png
91861,train,91861_sat.jpg,91861_mask.png
869219,train,869219_sat.jpg,869219_mask.png
805815,train,805815_sat.jpg,805815_mask.png
194021,train,194021_sat.jpg,194021_mask.png
519458,train,519458_sat.jpg,519458_mask.png
175945,train,175945_sat.jpg,175945_mask.png
237186,train,237186_sat.jpg,237186_mask.png
16422,train,16422_sat.jpg,16422_mask.png
654483,train,654483_sat.jpg,654483_mask.png
606249,train,606249_sat.jpg,606249_mask.png
778675,train,778675_sat.jpg,778675_mask.png
404212,train,404212_sat.jpg,404212_mask.png
656447,train,656447_sat.jpg,656447_mask.png
212985,train,212985_sat.jpg,212985_mask.png
373103,train,373103_sat.jpg,373103_mask.png
393469,train,393469_sat.jpg,393469_mask.png
25194,train,25194_sat.jpg,25194_mask.png
697814,train,697814_sat.jpg,697814_mask.png
560779,train,560779_sat.jpg,560779_mask.png
582270,train,582270_sat.jpg,582270_mask.png
887699,train,887699_sat.jpg,887699_mask.png
188262,train,188262_sat.jpg,188262_mask.png
8078,train,8078_sat.jpg,8078_mask.png
681963,train,681963_sat.jpg,681963_mask.png
574091,train,574091_sat.jpg,574091_mask.png
255824,train,255824_sat.jpg,255824_mask.png
335330,train,335330_sat.jpg,335330_mask.png
44025,train,44025_sat.jpg,44025_mask.png
572634,train,572634_sat.jpg,572634_mask.png
429455,train,429455_sat.jpg,429455_mask.png
599941,train,599941_sat.jpg,599941_mask.png
197146,train,197146_sat.jpg,197146_mask.png
813523,train,813523_sat.jpg,813523_mask.png
343,train,343_sat.jpg,343_mask.png
788114,train,788114_sat.jpg,788114_mask.png
820167,train,820167_sat.jpg,820167_mask.png
71759,train,71759_sat.jpg,71759_mask.png
408455,train,408455_sat.jpg,408455_mask.png
60217,train,60217_sat.jpg,60217_mask.png
929180,train,929180_sat.jpg,929180_mask.png
669553,train,669553_sat.jpg,669553_mask.png
580674,train,580674_sat.jpg,580674_mask.png
111121,train,111121_sat.jpg,111121_mask.png
666658,train,666658_sat.jpg,666658_mask.png
654931,train,654931_sat.jpg,654931_mask.png
718541,train,718541_sat.jpg,718541_mask.png
853870,train,853870_sat.jpg,853870_mask.png
731187,train,731187_sat.jpg,731187_mask.png
405943,train,405943_sat.jpg,405943_mask.png
606228,train,606228_sat.jpg,606228_mask.png
90474,train,90474_sat.jpg,90474_mask.png
937803,train,937803_sat.jpg,937803_mask.png
117283,train,117283_sat.jpg,117283_mask.png
247410,train,247410_sat.jpg,247410_mask.png
249946,train,249946_sat.jpg,249946_mask.png
548550,train,548550_sat.jpg,548550_mask.png
223306,train,223306_sat.jpg,223306_mask.png
51857,train,51857_sat.jpg,51857_mask.png
489145,train,489145_sat.jpg,489145_mask.png
11480,train,11480_sat.jpg,11480_mask.png
929754,train,929754_sat.jpg,929754_mask.png
783818,train,783818_sat.jpg,783818_mask.png
626372,train,626372_sat.jpg,626372_mask.png
299066,train,299066_sat.jpg,299066_mask.png
275838,train,275838_sat.jpg,275838_mask.png
192523,train,192523_sat.jpg,192523_mask.png
915190,train,915190_sat.jpg,915190_mask.png
30137,train,30137_sat.jpg,30137_mask.png
766257,train,766257_sat.jpg,766257_mask.png
185263,train,185263_sat.jpg,185263_mask.png
182504,train,182504_sat.jpg,182504_mask.png
361076,train,361076_sat.jpg,361076_mask.png
294187,train,294187_sat.jpg,294187_mask.png
433384,train,433384_sat.jpg,433384_mask.png
4209,train,4209_sat.jpg,4209_mask.png
367206,train,367206_sat.jpg,367206_mask.png
10716,train,10716_sat.jpg,10716_mask.png
679534,train,679534_sat.jpg,679534_mask.png
853055,train,853055_sat.jpg,853055_mask.png
406876,train,406876_sat.jpg,406876_mask.png
79234,train,79234_sat.jpg,79234_mask.png
642169,train,642169_sat.jpg,642169_mask.png
320503,train,320503_sat.jpg,320503_mask.png
211457,train,211457_sat.jpg,211457_mask.png
741728,train,741728_sat.jpg,741728_mask.png
534644,train,534644_sat.jpg,534644_mask.png
307752,train,307752_sat.jpg,307752_mask.png
628686,train,628686_sat.jpg,628686_mask.png
129975,train,129975_sat.jpg,129975_mask.png
688218,train,688218_sat.jpg,688218_mask.png
404644,train,404644_sat.jpg,404644_mask.png
68616,train,68616_sat.jpg,68616_mask.png
218967,train,218967_sat.jpg,218967_mask.png
330562,train,330562_sat.jpg,330562_mask.png
604305,train,604305_sat.jpg,604305_mask.png
721868,train,721868_sat.jpg,721868_mask.png
192490,train,192490_sat.jpg,192490_mask.png
978495,train,978495_sat.jpg,978495_mask.png
717126,train,717126_sat.jpg,717126_mask.png
658883,train,658883_sat.jpg,658883_mask.png
900412,train,900412_sat.jpg,900412_mask.png
813939,train,813939_sat.jpg,813939_mask.png
750956,train,750956_sat.jpg,750956_mask.png
195261,train,195261_sat.jpg,195261_mask.png
889679,train,889679_sat.jpg,889679_mask.png
994421,train,994421_sat.jpg,994421_mask.png
398826,train,398826_sat.jpg,398826_mask.png
25479,train,25479_sat.jpg,25479_mask.png
718338,train,718338_sat.jpg,718338_mask.png
707784,train,707784_sat.jpg,707784_mask.png
118788,train,118788_sat.jpg,118788_mask.png
354244,train,354244_sat.jpg,354244_mask.png
820536,train,820536_sat.jpg,820536_mask.png
47939,train,47939_sat.jpg,47939_mask.png
898681,train,898681_sat.jpg,898681_mask.png
821061,train,821061_sat.jpg,821061_mask.png
575698,train,575698_sat.jpg,575698_mask.png
279971,train,279971_sat.jpg,279971_mask.png
958471,train,958471_sat.jpg,958471_mask.png
364453,train,364453_sat.jpg,364453_mask.png
854448,train,854448_sat.jpg,854448_mask.png
711372,train,711372_sat.jpg,711372_mask.png
753016,train,753016_sat.jpg,753016_mask.png
609413,train,609413_sat.jpg,609413_mask.png
120778,train,120778_sat.jpg,120778_mask.png
966712,train,966712_sat.jpg,966712_mask.png
497916,train,497916_sat.jpg,497916_mask.png
537862,train,537862_sat.jpg,537862_mask.png
475984,train,475984_sat.jpg,475984_mask.png
724095,train,724095_sat.jpg,724095_mask.png
346471,train,346471_sat.jpg,346471_mask.png
57645,train,57645_sat.jpg,57645_mask.png
177786,train,177786_sat.jpg,177786_mask.png
997980,train,997980_sat.jpg,997980_mask.png
109493,train,109493_sat.jpg,109493_mask.png
494367,train,494367_sat.jpg,494367_mask.png
319547,train,319547_sat.jpg,319547_mask.png
684359,train,684359_sat.jpg,684359_mask.png
875620,train,875620_sat.jpg,875620_mask.png
638045,train,638045_sat.jpg,638045_mask.png
390727,train,390727_sat.jpg,390727_mask.png
503917,train,503917_sat.jpg,503917_mask.png
715931,train,715931_sat.jpg,715931_mask.png
639198,train,639198_sat.jpg,639198_mask.png
200721,train,200721_sat.jpg,200721_mask.png
669884,train,669884_sat.jpg,669884_mask.png
277124,train,277124_sat.jpg,277124_mask.png
119004,train,119004_sat.jpg,119004_mask.png
917746,train,917746_sat.jpg,917746_mask.png
327075,train,327075_sat.jpg,327075_mask.png
709100,train,709100_sat.jpg,709100_mask.png
635312,train,635312_sat.jpg,635312_mask.png
593063,train,593063_sat.jpg,593063_mask.png
277035,train,277035_sat.jpg,277035_mask.png
185489,train,185489_sat.jpg,185489_mask.png
366458,train,366458_sat.jpg,366458_mask.png
849978,train,849978_sat.jpg,849978_mask.png
183397,train,183397_sat.jpg,183397_mask.png
345999,train,345999_sat.jpg,345999_mask.png
227231,train,227231_sat.jpg,227231_mask.png
774511,train,774511_sat.jpg,774511_mask.png
833912,train,833912_sat.jpg,833912_mask.png
299504,train,299504_sat.jpg,299504_mask.png
768401,train,768401_sat.jpg,768401_mask.png
73183,train,73183_sat.jpg,73183_mask.png
866266,train,866266_sat.jpg,866266_mask.png
928472,train,928472_sat.jpg,928472_mask.png
78882,train,78882_sat.jpg,78882_mask.png
26050,train,26050_sat.jpg,26050_mask.png
207486,train,207486_sat.jpg,207486_mask.png
174781,train,174781_sat.jpg,174781_mask.png
97321,train,97321_sat.jpg,97321_mask.png
201885,train,201885_sat.jpg,201885_mask.png
473955,train,473955_sat.jpg,473955_mask.png
353416,train,353416_sat.jpg,353416_mask.png
188603,train,188603_sat.jpg,188603_mask.png
774382,train,774382_sat.jpg,774382_mask.png
923317,train,923317_sat.jpg,923317_mask.png
886527,train,886527_sat.jpg,886527_mask.png
443443,train,443443_sat.jpg,443443_mask.png
730949,train,730949_sat.jpg,730949_mask.png
274102,train,274102_sat.jpg,274102_mask.png
141992,train,141992_sat.jpg,141992_mask.png
775617,train,775617_sat.jpg,775617_mask.png
297062,train,297062_sat.jpg,297062_mask.png
590465,train,590465_sat.jpg,590465_mask.png
316440,train,316440_sat.jpg,316440_mask.png
466541,train,466541_sat.jpg,466541_mask.png
44825,train,44825_sat.jpg,44825_mask.png
630221,train,630221_sat.jpg,630221_mask.png
456118,train,456118_sat.jpg,456118_mask.png
921688,train,921688_sat.jpg,921688_mask.png
965322,train,965322_sat.jpg,965322_mask.png
567448,train,567448_sat.jpg,567448_mask.png
23824,train,23824_sat.jpg,23824_mask.png
973490,train,973490_sat.jpg,973490_mask.png
483082,train,483082_sat.jpg,483082_mask.png
552162,train,552162_sat.jpg,552162_mask.png
110190,train,110190_sat.jpg,110190_mask.png
753663,train,753663_sat.jpg,753663_mask.png
855078,train,855078_sat.jpg,855078_mask.png
327894,train,327894_sat.jpg,327894_mask.png
466524,train,466524_sat.jpg,466524_mask.png
950964,train,950964_sat.jpg,950964_mask.png
662692,train,662692_sat.jpg,662692_mask.png
31268,train,31268_sat.jpg,31268_mask.png
884872,train,884872_sat.jpg,884872_mask.png
122985,train,122985_sat.jpg,122985_mask.png
646530,train,646530_sat.jpg,646530_mask.png
917763,train,917763_sat.jpg,917763_mask.png
51946,train,51946_sat.jpg,51946_mask.png
901387,train,901387_sat.jpg,901387_mask.png
226994,train,226994_sat.jpg,226994_mask.png
77955,train,77955_sat.jpg,77955_mask.png
990140,train,990140_sat.jpg,990140_mask.png
454473,train,454473_sat.jpg,454473_mask.png
156243,train,156243_sat.jpg,156243_mask.png
303190,train,303190_sat.jpg,303190_mask.png
723199,train,723199_sat.jpg,723199_mask.png
35432,train,35432_sat.jpg,35432_mask.png
662422,train,662422_sat.jpg,662422_mask.png
359304,train,359304_sat.jpg,359304_mask.png
645527,train,645527_sat.jpg,645527_mask.png
22503,train,22503_sat.jpg,22503_mask.png
274292,train,274292_sat.jpg,274292_mask.png
126847,train,126847_sat.jpg,126847_mask.png
791242,train,791242_sat.jpg,791242_mask.png
399251,train,399251_sat.jpg,399251_mask.png
802821,train,802821_sat.jpg,802821_mask.png
555329,train,555329_sat.jpg,555329_mask.png
511320,train,511320_sat.jpg,511320_mask.png
249992,train,249992_sat.jpg,249992_mask.png
450744,train,450744_sat.jpg,450744_mask.png
146136,train,146136_sat.jpg,146136_mask.png
308632,train,308632_sat.jpg,308632_mask.png
143383,train,143383_sat.jpg,143383_mask.png
753638,train,753638_sat.jpg,753638_mask.png
653812,train,653812_sat.jpg,653812_mask.png
812399,train,812399_sat.jpg,812399_mask.png
358588,train,358588_sat.jpg,358588_mask.png
285997,train,285997_sat.jpg,285997_mask.png
848568,train,848568_sat.jpg,848568_mask.png
730270,train,730270_sat.jpg,730270_mask.png
913697,train,913697_sat.jpg,913697_mask.png
385863,train,385863_sat.jpg,385863_mask.png
589337,train,589337_sat.jpg,589337_mask.png
598017,train,598017_sat.jpg,598017_mask.png
917523,train,917523_sat.jpg,917523_mask.png
513316,train,513316_sat.jpg,513316_mask.png
115576,train,115576_sat.jpg,115576_mask.png
659891,train,659891_sat.jpg,659891_mask.png
211013,train,211013_sat.jpg,211013_mask.png
930021,train,930021_sat.jpg,930021_mask.png
173306,train,173306_sat.jpg,173306_mask.png
688471,train,688471_sat.jpg,688471_mask.png
971177,train,971177_sat.jpg,971177_mask.png
727840,train,727840_sat.jpg,727840_mask.png
268879,train,268879_sat.jpg,268879_mask.png
303816,train,303816_sat.jpg,303816_mask.png
557244,train,557244_sat.jpg,557244_mask.png
161540,train,161540_sat.jpg,161540_mask.png
238582,train,238582_sat.jpg,238582_mask.png
395029,train,395029_sat.jpg,395029_mask.png
723117,train,723117_sat.jpg,723117_mask.png
199826,train,199826_sat.jpg,199826_mask.png
133797,train,133797_sat.jpg,133797_mask.png
379173,train,379173_sat.jpg,379173_mask.png
435242,train,435242_sat.jpg,435242_mask.png
979605,train,979605_sat.jpg,979605_mask.png
552530,train,552530_sat.jpg,552530_mask.png
84601,train,84601_sat.jpg,84601_mask.png
69896,train,69896_sat.jpg,69896_mask.png
818980,train,818980_sat.jpg,818980_mask.png
215260,train,215260_sat.jpg,215260_mask.png
706141,train,706141_sat.jpg,706141_mask.png
529915,train,529915_sat.jpg,529915_mask.png
890413,train,890413_sat.jpg,890413_mask.png
311321,train,311321_sat.jpg,311321_mask.png
86980,train,86980_sat.jpg,86980_mask.png
483919,train,483919_sat.jpg,483919_mask.png
408714,train,408714_sat.jpg,408714_mask.png
76736,train,76736_sat.jpg,76736_mask.png
543812,train,543812_sat.jpg,543812_mask.png
178844,train,178844_sat.jpg,178844_mask.png
459088,train,459088_sat.jpg,459088_mask.png
618023,train,618023_sat.jpg,618023_mask.png
711268,train,711268_sat.jpg,711268_mask.png
716533,train,716533_sat.jpg,716533_mask.png
510528,train,510528_sat.jpg,510528_mask.png
185537,train,185537_sat.jpg,185537_mask.png
154822,train,154822_sat.jpg,154822_mask.png
487723,train,487723_sat.jpg,487723_mask.png
213244,train,213244_sat.jpg,213244_mask.png
915596,train,915596_sat.jpg,915596_mask.png
684687,train,684687_sat.jpg,684687_mask.png
672953,train,672953_sat.jpg,672953_mask.png
132983,train,132983_sat.jpg,132983_mask.png
523037,train,523037_sat.jpg,523037_mask.png
417078,train,417078_sat.jpg,417078_mask.png
887028,train,887028_sat.jpg,887028_mask.png
831265,train,831265_sat.jpg,831265_mask.png
207936,train,207936_sat.jpg,207936_mask.png
485768,train,485768_sat.jpg,485768_mask.png
106797,train,106797_sat.jpg,106797_mask.png
801271,train,801271_sat.jpg,801271_mask.png
229980,train,229980_sat.jpg,229980_mask.png
941740,train,941740_sat.jpg,941740_mask.png
736629,train,736629_sat.jpg,736629_mask.png
178776,train,178776_sat.jpg,178776_mask.png
433649,train,433649_sat.jpg,433649_mask.png
121763,train,121763_sat.jpg,121763_mask.png
474573,train,474573_sat.jpg,474573_mask.png
475676,train,475676_sat.jpg,475676_mask.png
485468,train,485468_sat.jpg,485468_mask.png
170862,train,170862_sat.jpg,170862_mask.png
609597,train,609597_sat.jpg,609597_mask.png
580959,train,580959_sat.jpg,580959_mask.png
187895,train,187895_sat.jpg,187895_mask.png
168917,train,168917_sat.jpg,168917_mask.png
741508,train,741508_sat.jpg,741508_mask.png
489036,train,489036_sat.jpg,489036_mask.png
147605,train,147605_sat.jpg,147605_mask.png
574010,train,574010_sat.jpg,574010_mask.png
730614,train,730614_sat.jpg,730614_mask.png
169099,train,169099_sat.jpg,169099_mask.png
82457,train,82457_sat.jpg,82457_mask.png
230359,train,230359_sat.jpg,230359_mask.png
622199,train,622199_sat.jpg,622199_mask.png
629477,train,629477_sat.jpg,629477_mask.png
649640,train,649640_sat.jpg,649640_mask.png
939372,train,939372_sat.jpg,939372_mask.png
245405,train,245405_sat.jpg,245405_mask.png
683585,train,683585_sat.jpg,683585_mask.png
308946,train,308946_sat.jpg,308946_mask.png
905891,train,905891_sat.jpg,905891_mask.png
846281,train,846281_sat.jpg,846281_mask.png
964793,train,964793_sat.jpg,964793_mask.png
759445,train,759445_sat.jpg,759445_mask.png
658196,train,658196_sat.jpg,658196_mask.png
531826,train,531826_sat.jpg,531826_mask.png
881491,train,881491_sat.jpg,881491_mask.png
28863,train,28863_sat.jpg,28863_mask.png
887495,train,887495_sat.jpg,887495_mask.png
848640,train,848640_sat.jpg,848640_mask.png
371353,train,371353_sat.jpg,371353_mask.png
683363,train,683363_sat.jpg,683363_mask.png
718018,train,718018_sat.jpg,718018_mask.png
156476,train,156476_sat.jpg,156476_mask.png
375428,train,375428_sat.jpg,375428_mask.png
268247,train,268247_sat.jpg,268247_mask.png
640253,train,640253_sat.jpg,640253_mask.png
480527,train,480527_sat.jpg,480527_mask.png
983887,train,983887_sat.jpg,983887_mask.png
129375,train,129375_sat.jpg,129375_mask.png
932396,train,932396_sat.jpg,932396_mask.png
126734,train,126734_sat.jpg,126734_mask.png
592427,train,592427_sat.jpg,592427_mask.png
616795,train,616795_sat.jpg,616795_mask.png
689951,train,689951_sat.jpg,689951_mask.png
868440,train,868440_sat.jpg,868440_mask.png
876466,train,876466_sat.jpg,876466_mask.png
973063,train,973063_sat.jpg,973063_mask.png
825427,train,825427_sat.jpg,825427_mask.png
492610,train,492610_sat.jpg,492610_mask.png
270111,train,270111_sat.jpg,270111_mask.png
839007,train,839007_sat.jpg,839007_mask.png
662005,train,662005_sat.jpg,662005_mask.png
764272,train,764272_sat.jpg,764272_mask.png
337490,train,337490_sat.jpg,337490_mask.png
177494,train,177494_sat.jpg,177494_mask.png
125885,train,125885_sat.jpg,125885_mask.png
458584,train,458584_sat.jpg,458584_mask.png
712899,train,712899_sat.jpg,712899_mask.png
450741,train,450741_sat.jpg,450741_mask.png
701263,train,701263_sat.jpg,701263_mask.png
116352,train,116352_sat.jpg,116352_mask.png
77085,train,77085_sat.jpg,77085_mask.png
966419,train,966419_sat.jpg,966419_mask.png
519406,train,519406_sat.jpg,519406_mask.png
349767,train,349767_sat.jpg,349767_mask.png
898612,train,898612_sat.jpg,898612_mask.png
51913,train,51913_sat.jpg,51913_mask.png
337255,train,337255_sat.jpg,337255_mask.png
123079,train,123079_sat.jpg,123079_mask.png
49975,train,49975_sat.jpg,49975_mask.png
325090,train,325090_sat.jpg,325090_mask.png
746431,train,746431_sat.jpg,746431_mask.png
493705,train,493705_sat.jpg,493705_mask.png
819036,train,819036_sat.jpg,819036_mask.png
601082,train,601082_sat.jpg,601082_mask.png
413533,train,413533_sat.jpg,413533_mask.png
833598,train,833598_sat.jpg,833598_mask.png
590035,train,590035_sat.jpg,590035_mask.png
359554,train,359554_sat.jpg,359554_mask.png
929363,train,929363_sat.jpg,929363_mask.png
585172,train,585172_sat.jpg,585172_mask.png
147073,train,147073_sat.jpg,147073_mask.png
63467,train,63467_sat.jpg,63467_mask.png
476208,train,476208_sat.jpg,476208_mask.png
495651,train,495651_sat.jpg,495651_mask.png
175684,train,175684_sat.jpg,175684_mask.png
131135,train,131135_sat.jpg,131135_mask.png
303232,train,303232_sat.jpg,303232_mask.png
266585,train,266585_sat.jpg,266585_mask.png
227689,train,227689_sat.jpg,227689_mask.png
146541,train,146541_sat.jpg,146541_mask.png
363054,train,363054_sat.jpg,363054_mask.png
761119,train,761119_sat.jpg,761119_mask.png
382842,train,382842_sat.jpg,382842_mask.png
578203,train,578203_sat.jpg,578203_mask.png
317514,train,317514_sat.jpg,317514_mask.png
225487,train,225487_sat.jpg,225487_mask.png
382329,train,382329_sat.jpg,382329_mask.png
959529,train,959529_sat.jpg,959529_mask.png
698949,train,698949_sat.jpg,698949_mask.png
834861,train,834861_sat.jpg,834861_mask.png
596573,train,596573_sat.jpg,596573_mask.png
317880,train,317880_sat.jpg,317880_mask.png
132627,train,132627_sat.jpg,132627_mask.png
378334,train,378334_sat.jpg,378334_mask.png
833388,train,833388_sat.jpg,833388_mask.png
46094,train,46094_sat.jpg,46094_mask.png
692655,train,692655_sat.jpg,692655_mask.png
295973,train,295973_sat.jpg,295973_mask.png
944360,train,944360_sat.jpg,944360_mask.png
829648,train,829648_sat.jpg,829648_mask.png
200777,train,200777_sat.jpg,200777_mask.png
127647,train,127647_sat.jpg,127647_mask.png
683317,train,683317_sat.jpg,683317_mask.png
777914,train,777914_sat.jpg,777914_mask.png
607288,train,607288_sat.jpg,607288_mask.png
142436,train,142436_sat.jpg,142436_mask.png
144098,train,144098_sat.jpg,144098_mask.png
769104,train,769104_sat.jpg,769104_mask.png
244466,train,244466_sat.jpg,244466_mask.png
417691,train,417691_sat.jpg,417691_mask.png
884095,train,884095_sat.jpg,884095_mask.png
578379,train,578379_sat.jpg,578379_mask.png
728547,train,728547_sat.jpg,728547_mask.png
81977,train,81977_sat.jpg,81977_mask.png
141485,train,141485_sat.jpg,141485_mask.png
851268,train,851268_sat.jpg,851268_mask.png
831213,train,831213_sat.jpg,831213_mask.png
848601,train,848601_sat.jpg,848601_mask.png
794377,train,794377_sat.jpg,794377_mask.png
117414,train,117414_sat.jpg,117414_mask.png
299484,train,299484_sat.jpg,299484_mask.png
133910,train,133910_sat.jpg,133910_mask.png
625445,train,625445_sat.jpg,625445_mask.png
113044,train,113044_sat.jpg,113044_mask.png
628971,train,628971_sat.jpg,628971_mask.png
624372,train,624372_sat.jpg,624372_mask.png
170527,train,170527_sat.jpg,170527_mask.png
884955,train,884955_sat.jpg,884955_mask.png
183675,train,183675_sat.jpg,183675_mask.png
442872,train,442872_sat.jpg,442872_mask.png
966836,train,966836_sat.jpg,966836_mask.png
59830,train,59830_sat.jpg,59830_mask.png
749648,train,749648_sat.jpg,749648_mask.png
52581,train,52581_sat.jpg,52581_mask.png
431595,train,431595_sat.jpg,431595_mask.png
406148,train,406148_sat.jpg,406148_mask.png
543827,train,543827_sat.jpg,543827_mask.png
501956,train,501956_sat.jpg,501956_mask.png
196693,train,196693_sat.jpg,196693_mask.png
204713,train,204713_sat.jpg,204713_mask.png
915200,train,915200_sat.jpg,915200_mask.png
473751,train,473751_sat.jpg,473751_mask.png
462844,train,462844_sat.jpg,462844_mask.png
302422,train,302422_sat.jpg,302422_mask.png
278054,train,278054_sat.jpg,278054_mask.png
900297,train,900297_sat.jpg,900297_mask.png
373623,train,373623_sat.jpg,373623_mask.png
522344,train,522344_sat.jpg,522344_mask.png
514835,train,514835_sat.jpg,514835_mask.png
148138,train,148138_sat.jpg,148138_mask.png
52192,train,52192_sat.jpg,52192_mask.png
302836,train,302836_sat.jpg,302836_mask.png
917191,train,917191_sat.jpg,917191_mask.png
556251,train,556251_sat.jpg,556251_mask.png
536023,train,536023_sat.jpg,536023_mask.png
830842,train,830842_sat.jpg,830842_mask.png
642342,train,642342_sat.jpg,642342_mask.png
757279,train,757279_sat.jpg,757279_mask.png
697165,train,697165_sat.jpg,697165_mask.png
99995,train,99995_sat.jpg,99995_mask.png
928771,train,928771_sat.jpg,928771_mask.png
201389,train,201389_sat.jpg,201389_mask.png
753907,train,753907_sat.jpg,753907_mask.png
440205,train,440205_sat.jpg,440205_mask.png
520272,train,520272_sat.jpg,520272_mask.png
593963,train,593963_sat.jpg,593963_mask.png
150276,train,150276_sat.jpg,150276_mask.png
848521,train,848521_sat.jpg,848521_mask.png
630092,train,630092_sat.jpg,630092_mask.png
500086,train,500086_sat.jpg,500086_mask.png
87099,train,87099_sat.jpg,87099_mask.png
668712,train,668712_sat.jpg,668712_mask.png
707210,train,707210_sat.jpg,707210_mask.png
781848,train,781848_sat.jpg,781848_mask.png
686939,train,686939_sat.jpg,686939_mask.png
153339,train,153339_sat.jpg,153339_mask.png
331632,train,331632_sat.jpg,331632_mask.png
598497,train,598497_sat.jpg,598497_mask.png
480809,train,480809_sat.jpg,480809_mask.png
228375,train,228375_sat.jpg,228375_mask.png
561152,train,561152_sat.jpg,561152_mask.png
841070,train,841070_sat.jpg,841070_mask.png
462368,train,462368_sat.jpg,462368_mask.png
41495,train,41495_sat.jpg,41495_mask.png
802401,train,802401_sat.jpg,802401_mask.png
403428,train,403428_sat.jpg,403428_mask.png
626285,train,626285_sat.jpg,626285_mask.png
113164,train,113164_sat.jpg,113164_mask.png
934673,train,934673_sat.jpg,934673_mask.png
36684,train,36684_sat.jpg,36684_mask.png
949763,train,949763_sat.jpg,949763_mask.png
8646,train,8646_sat.jpg,8646_mask.png
468662,train,468662_sat.jpg,468662_mask.png
175632,train,175632_sat.jpg,175632_mask.png
78927,train,78927_sat.jpg,78927_mask.png
807917,train,807917_sat.jpg,807917_mask.png
828309,train,828309_sat.jpg,828309_mask.png
285810,train,285810_sat.jpg,285810_mask.png
509781,train,509781_sat.jpg,509781_mask.png
506421,train,506421_sat.jpg,506421_mask.png
86774,train,86774_sat.jpg,86774_mask.png
191523,train,191523_sat.jpg,191523_mask.png
864365,train,864365_sat.jpg,864365_mask.png
505756,train,505756_sat.jpg,505756_mask.png
503810,train,503810_sat.jpg,503810_mask.png
657371,train,657371_sat.jpg,657371_mask.png
92194,train,92194_sat.jpg,92194_mask.png
967643,train,967643_sat.jpg,967643_mask.png
301397,train,301397_sat.jpg,301397_mask.png
412418,train,412418_sat.jpg,412418_mask.png
599967,train,599967_sat.jpg,599967_mask.png
946031,train,946031_sat.jpg,946031_mask.png
228240,train,228240_sat.jpg,228240_mask.png
436101,train,436101_sat.jpg,436101_mask.png
385679,train,385679_sat.jpg,385679_mask.png
786966,train,786966_sat.jpg,786966_mask.png
71706,train,71706_sat.jpg,71706_mask.png
154219,train,154219_sat.jpg,154219_mask.png
269620,train,269620_sat.jpg,269620_mask.png
776873,train,776873_sat.jpg,776873_mask.png
473388,train,473388_sat.jpg,473388_mask.png
987330,train,987330_sat.jpg,987330_mask.png
368952,train,368952_sat.jpg,368952_mask.png
18640,train,18640_sat.jpg,18640_mask.png
790349,train,790349_sat.jpg,790349_mask.png
754506,train,754506_sat.jpg,754506_mask.png
34236,train,34236_sat.jpg,34236_mask.png
227154,train,227154_sat.jpg,227154_mask.png
7046,train,7046_sat.jpg,7046_mask.png
829335,train,829335_sat.jpg,829335_mask.png
439073,train,439073_sat.jpg,439073_mask.png
438785,train,438785_sat.jpg,438785_mask.png
727513,train,727513_sat.jpg,727513_mask.png
791632,train,791632_sat.jpg,791632_mask.png
263318,train,263318_sat.jpg,263318_mask.png
318320,train,318320_sat.jpg,318320_mask.png
605592,train,605592_sat.jpg,605592_mask.png
786664,train,786664_sat.jpg,786664_mask.png
925864,train,925864_sat.jpg,925864_mask.png
502840,train,502840_sat.jpg,502840_mask.png
6281,train,6281_sat.jpg,6281_mask.png
532925,train,532925_sat.jpg,532925_mask.png
889313,train,889313_sat.jpg,889313_mask.png
517474,train,517474_sat.jpg,517474_mask.png
892288,train,892288_sat.jpg,892288_mask.png
984438,train,984438_sat.jpg,984438_mask.png
991988,train,991988_sat.jpg,991988_mask.png
954214,train,954214_sat.jpg,954214_mask.png
653738,train,653738_sat.jpg,653738_mask.png
940185,train,940185_sat.jpg,940185_mask.png
692569,train,692569_sat.jpg,692569_mask.png
959424,train,959424_sat.jpg,959424_mask.png
393063,train,393063_sat.jpg,393063_mask.png
354220,train,354220_sat.jpg,354220_mask.png
834943,train,834943_sat.jpg,834943_mask.png
739815,train,739815_sat.jpg,739815_mask.png
327052,train,327052_sat.jpg,327052_mask.png
346556,train,346556_sat.jpg,346556_mask.png
801061,train,801061_sat.jpg,801061_mask.png
706733,train,706733_sat.jpg,706733_mask.png
174934,train,174934_sat.jpg,174934_mask.png
852387,train,852387_sat.jpg,852387_mask.png
246789,train,246789_sat.jpg,246789_mask.png
588923,train,588923_sat.jpg,588923_mask.png
632438,train,632438_sat.jpg,632438_mask.png
429679,train,429679_sat.jpg,429679_mask.png
301568,train,301568_sat.jpg,301568_mask.png
104607,train,104607_sat.jpg,104607_mask.png
44358,train,44358_sat.jpg,44358_mask.png
263063,train,263063_sat.jpg,263063_mask.png
697871,train,697871_sat.jpg,697871_mask.png
319391,train,319391_sat.jpg,319391_mask.png
934232,train,934232_sat.jpg,934232_mask.png
766536,train,766536_sat.jpg,766536_mask.png
166347,train,166347_sat.jpg,166347_mask.png
855113,train,855113_sat.jpg,855113_mask.png
686449,train,686449_sat.jpg,686449_mask.png
705577,train,705577_sat.jpg,705577_mask.png
561170,train,561170_sat.jpg,561170_mask.png
806315,train,806315_sat.jpg,806315_mask.png
606543,train,606543_sat.jpg,606543_mask.png
761646,train,761646_sat.jpg,761646_mask.png
69128,train,69128_sat.jpg,69128_mask.png
960918,train,960918_sat.jpg,960918_mask.png
261416,train,261416_sat.jpg,261416_mask.png
583970,train,583970_sat.jpg,583970_mask.png
570612,train,570612_sat.jpg,570612_mask.png
760891,train,760891_sat.jpg,760891_mask.png
719077,train,719077_sat.jpg,719077_mask.png
129892,train,129892_sat.jpg,129892_mask.png
191071,train,191071_sat.jpg,191071_mask.png
195175,train,195175_sat.jpg,195175_mask.png
741476,train,741476_sat.jpg,741476_mask.png
477671,train,477671_sat.jpg,477671_mask.png
894356,train,894356_sat.jpg,894356_mask.png
150951,train,150951_sat.jpg,150951_mask.png
643722,train,643722_sat.jpg,643722_mask.png
681104,train,681104_sat.jpg,681104_mask.png
83490,train,83490_sat.jpg,83490_mask.png
608673,train,608673_sat.jpg,608673_mask.png
174168,train,174168_sat.jpg,174168_mask.png
44562,train,44562_sat.jpg,44562_mask.png
207388,train,207388_sat.jpg,207388_mask.png
503695,train,503695_sat.jpg,503695_mask.png
39367,train,39367_sat.jpg,39367_mask.png
695632,train,695632_sat.jpg,695632_mask.png
105157,train,105157_sat.jpg,105157_mask.png
199155,train,199155_sat.jpg,199155_mask.png
824865,train,824865_sat.jpg,824865_mask.png
667627,train,667627_sat.jpg,667627_mask.png
304805,train,304805_sat.jpg,304805_mask.png
472623,train,472623_sat.jpg,472623_mask.png
955634,train,955634_sat.jpg,955634_mask.png
974773,train,974773_sat.jpg,974773_mask.png
344218,train,344218_sat.jpg,344218_mask.png
472031,train,472031_sat.jpg,472031_mask.png
497990,train,497990_sat.jpg,497990_mask.png
851693,train,851693_sat.jpg,851693_mask.png
646160,train,646160_sat.jpg,646160_mask.png
424027,train,424027_sat.jpg,424027_mask.png
300458,train,300458_sat.jpg,300458_mask.png
615691,train,615691_sat.jpg,615691_mask.png
450728,train,450728_sat.jpg,450728_mask.png
126358,train,126358_sat.jpg,126358_mask.png
18214,train,18214_sat.jpg,18214_mask.png
782351,train,782351_sat.jpg,782351_mask.png
767819,train,767819_sat.jpg,767819_mask.png
586635,train,586635_sat.jpg,586635_mask.png
519944,train,519944_sat.jpg,519944_mask.png
200190,train,200190_sat.jpg,200190_mask.png
552120,train,552120_sat.jpg,552120_mask.png
499333,train,499333_sat.jpg,499333_mask.png
359049,train,359049_sat.jpg,359049_mask.png
493562,train,493562_sat.jpg,493562_mask.png
400501,train,400501_sat.jpg,400501_mask.png
757922,train,757922_sat.jpg,757922_mask.png
853762,train,853762_sat.jpg,853762_mask.png
400636,train,400636_sat.jpg,400636_mask.png
857151,train,857151_sat.jpg,857151_mask.png
683838,train,683838_sat.jpg,683838_mask.png
31900,train,31900_sat.jpg,31900_mask.png
594262,train,594262_sat.jpg,594262_mask.png
936058,train,936058_sat.jpg,936058_mask.png
154170,train,154170_sat.jpg,154170_mask.png
999531,train,999531_sat.jpg,999531_mask.png
517389,train,517389_sat.jpg,517389_mask.png
62307,train,62307_sat.jpg,62307_mask.png
461405,train,461405_sat.jpg,461405_mask.png
891558,train,891558_sat.jpg,891558_mask.png
753676,train,753676_sat.jpg,753676_mask.png
437777,train,437777_sat.jpg,437777_mask.png
253415,train,253415_sat.jpg,253415_mask.png
430680,train,430680_sat.jpg,430680_mask.png
646974,train,646974_sat.jpg,646974_mask.png
657452,train,657452_sat.jpg,657452_mask.png
34973,train,34973_sat.jpg,34973_mask.png
833275,train,833275_sat.jpg,833275_mask.png
3530,train,3530_sat.jpg,3530_mask.png
27516,train,27516_sat.jpg,27516_mask.png
367166,train,367166_sat.jpg,367166_mask.png
387181,train,387181_sat.jpg,387181_mask.png
385402,train,385402_sat.jpg,385402_mask.png
826921,train,826921_sat.jpg,826921_mask.png
310096,train,310096_sat.jpg,310096_mask.png
150479,train,150479_sat.jpg,150479_mask.png
196602,train,196602_sat.jpg,196602_mask.png
516577,train,516577_sat.jpg,516577_mask.png
264705,train,264705_sat.jpg,264705_mask.png
5279,train,5279_sat.jpg,5279_mask.png
561049,train,561049_sat.jpg,561049_mask.png
480408,train,480408_sat.jpg,480408_mask.png
538270,train,538270_sat.jpg,538270_mask.png
673035,train,673035_sat.jpg,673035_mask.png
849290,train,849290_sat.jpg,849290_mask.png
284571,train,284571_sat.jpg,284571_mask.png
572809,train,572809_sat.jpg,572809_mask.png
62582,train,62582_sat.jpg,62582_mask.png
901544,train,901544_sat.jpg,901544_mask.png
315179,train,315179_sat.jpg,315179_mask.png
298613,train,298613_sat.jpg,298613_mask.png
87676,train,87676_sat.jpg,87676_mask.png
248997,train,248997_sat.jpg,248997_mask.png
543609,train,543609_sat.jpg,543609_mask.png
820787,train,820787_sat.jpg,820787_mask.png
470078,train,470078_sat.jpg,470078_mask.png
232879,train,232879_sat.jpg,232879_mask.png
706589,train,706589_sat.jpg,706589_mask.png
340354,train,340354_sat.jpg,340354_mask.png
34885,train,34885_sat.jpg,34885_mask.png
733133,train,733133_sat.jpg,733133_mask.png
347722,train,347722_sat.jpg,347722_mask.png
332374,train,332374_sat.jpg,332374_mask.png
688173,train,688173_sat.jpg,688173_mask.png
16577,train,16577_sat.jpg,16577_mask.png
358122,train,358122_sat.jpg,358122_mask.png
838649,train,838649_sat.jpg,838649_mask.png
471214,train,471214_sat.jpg,471214_mask.png
71993,train,71993_sat.jpg,71993_mask.png
636013,train,636013_sat.jpg,636013_mask.png
631451,train,631451_sat.jpg,631451_mask.png
41524,train,41524_sat.jpg,41524_mask.png
759945,train,759945_sat.jpg,759945_mask.png
600556,train,600556_sat.jpg,600556_mask.png
898085,train,898085_sat.jpg,898085_mask.png
662620,train,662620_sat.jpg,662620_mask.png
782055,train,782055_sat.jpg,782055_mask.png
89369,train,89369_sat.jpg,89369_mask.png
612436,train,612436_sat.jpg,612436_mask.png
384535,train,384535_sat.jpg,384535_mask.png
98157,train,98157_sat.jpg,98157_mask.png
415383,train,415383_sat.jpg,415383_mask.png
26206,train,26206_sat.jpg,26206_mask.png
893442,train,893442_sat.jpg,893442_mask.png
222343,train,222343_sat.jpg,222343_mask.png
708675,train,708675_sat.jpg,708675_mask.png
748913,train,748913_sat.jpg,748913_mask.png
34368,train,34368_sat.jpg,34368_mask.png
812075,train,812075_sat.jpg,812075_mask.png
121117,train,121117_sat.jpg,121117_mask.png
601450,train,601450_sat.jpg,601450_mask.png
5523,train,5523_sat.jpg,5523_mask.png
892757,train,892757_sat.jpg,892757_mask.png
273219,train,273219_sat.jpg,273219_mask.png
999431,train,999431_sat.jpg,999431_mask.png
230028,train,230028_sat.jpg,230028_mask.png
511055,train,511055_sat.jpg,511055_mask.png
447775,train,447775_sat.jpg,447775_mask.png
964555,train,964555_sat.jpg,964555_mask.png
547924,train,547924_sat.jpg,547924_mask.png
222272,train,222272_sat.jpg,222272_mask.png
262790,train,262790_sat.jpg,262790_mask.png
625913,train,625913_sat.jpg,625913_mask.png
43484,train,43484_sat.jpg,43484_mask.png
758578,train,758578_sat.jpg,758578_mask.png
957715,train,957715_sat.jpg,957715_mask.png
285194,train,285194_sat.jpg,285194_mask.png
244138,train,244138_sat.jpg,244138_mask.png
825558,train,825558_sat.jpg,825558_mask.png
347776,train,347776_sat.jpg,347776_mask.png
802074,train,802074_sat.jpg,802074_mask.png
153937,train,153937_sat.jpg,153937_mask.png
779588,train,779588_sat.jpg,779588_mask.png
839673,train,839673_sat.jpg,839673_mask.png
933722,train,933722_sat.jpg,933722_mask.png
310935,train,310935_sat.jpg,310935_mask.png
697488,train,697488_sat.jpg,697488_mask.png
279807,train,279807_sat.jpg,279807_mask.png
971228,train,971228_sat.jpg,971228_mask.png
516017,train,516017_sat.jpg,516017_mask.png
947674,train,947674_sat.jpg,947674_mask.png
939522,train,939522_sat.jpg,939522_mask.png
107412,train,107412_sat.jpg,107412_mask.png
584527,train,584527_sat.jpg,584527_mask.png
523306,train,523306_sat.jpg,523306_mask.png
124192,train,124192_sat.jpg,124192_mask.png
612216,train,612216_sat.jpg,612216_mask.png
663533,train,663533_sat.jpg,663533_mask.png
325929,train,325929_sat.jpg,325929_mask.png
309834,train,309834_sat.jpg,309834_mask.png
308466,train,308466_sat.jpg,308466_mask.png
576266,train,576266_sat.jpg,576266_mask.png
989398,train,989398_sat.jpg,989398_mask.png
632065,train,632065_sat.jpg,632065_mask.png
39694,train,39694_sat.jpg,39694_mask.png
717014,train,717014_sat.jpg,717014_mask.png
985902,train,985902_sat.jpg,985902_mask.png
500675,train,500675_sat.jpg,500675_mask.png
167193,train,167193_sat.jpg,167193_mask.png
870028,train,870028_sat.jpg,870028_mask.png
873030,train,873030_sat.jpg,873030_mask.png
325890,train,325890_sat.jpg,325890_mask.png
757803,train,757803_sat.jpg,757803_mask.png
32593,train,32593_sat.jpg,32593_mask.png
96399,train,96399_sat.jpg,96399_mask.png
241847,train,241847_sat.jpg,241847_mask.png
281208,train,281208_sat.jpg,281208_mask.png
434853,train,434853_sat.jpg,434853_mask.png
97852,train,97852_sat.jpg,97852_mask.png
582928,train,582928_sat.jpg,582928_mask.png
836197,train,836197_sat.jpg,836197_mask.png
862451,train,862451_sat.jpg,862451_mask.png
416847,train,416847_sat.jpg,416847_mask.png
969112,train,969112_sat.jpg,969112_mask.png
312064,train,312064_sat.jpg,312064_mask.png
168486,train,168486_sat.jpg,168486_mask.png
437167,train,437167_sat.jpg,437167_mask.png
620166,train,620166_sat.jpg,620166_mask.png
446060,train,446060_sat.jpg,446060_mask.png
938881,train,938881_sat.jpg,938881_mask.png
771440,train,771440_sat.jpg,771440_mask.png
319353,train,319353_sat.jpg,319353_mask.png
893042,train,893042_sat.jpg,893042_mask.png
267645,train,267645_sat.jpg,267645_mask.png
776780,train,776780_sat.jpg,776780_mask.png
399244,train,399244_sat.jpg,399244_mask.png
290587,train,290587_sat.jpg,290587_mask.png
386604,train,386604_sat.jpg,386604_mask.png
710127,train,710127_sat.jpg,710127_mask.png
978104,train,978104_sat.jpg,978104_mask.png
96326,train,96326_sat.jpg,96326_mask.png
298999,train,298999_sat.jpg,298999_mask.png
718606,train,718606_sat.jpg,718606_mask.png
163228,train,163228_sat.jpg,163228_mask.png
237451,train,237451_sat.jpg,237451_mask.png
218931,train,218931_sat.jpg,218931_mask.png
486602,train,486602_sat.jpg,486602_mask.png
607487,train,607487_sat.jpg,607487_mask.png
139431,train,139431_sat.jpg,139431_mask.png
98029,train,98029_sat.jpg,98029_mask.png
417665,train,417665_sat.jpg,417665_mask.png
195688,train,195688_sat.jpg,195688_mask.png
352622,train,352622_sat.jpg,352622_mask.png
711749,train,711749_sat.jpg,711749_mask.png
682892,train,682892_sat.jpg,682892_mask.png
840536,train,840536_sat.jpg,840536_mask.png
840823,train,840823_sat.jpg,840823_mask.png
104350,train,104350_sat.jpg,104350_mask.png
259816,train,259816_sat.jpg,259816_mask.png
720997,train,720997_sat.jpg,720997_mask.png
482744,train,482744_sat.jpg,482744_mask.png
50639,train,50639_sat.jpg,50639_mask.png
117888,train,117888_sat.jpg,117888_mask.png
429404,train,429404_sat.jpg,429404_mask.png
96635,train,96635_sat.jpg,96635_mask.png
107853,train,107853_sat.jpg,107853_mask.png
29019,train,29019_sat.jpg,29019_mask.png
202536,train,202536_sat.jpg,202536_mask.png
74989,train,74989_sat.jpg,74989_mask.png
279620,train,279620_sat.jpg,279620_mask.png
38479,train,38479_sat.jpg,38479_mask.png
142373,train,142373_sat.jpg,142373_mask.png
511762,train,511762_sat.jpg,511762_mask.png
550477,train,550477_sat.jpg,550477_mask.png
360726,train,360726_sat.jpg,360726_mask.png
201182,train,201182_sat.jpg,201182_mask.png
942296,train,942296_sat.jpg,942296_mask.png
938177,train,938177_sat.jpg,938177_mask.png
541430,train,541430_sat.jpg,541430_mask.png
266719,train,266719_sat.jpg,266719_mask.png
682374,train,682374_sat.jpg,682374_mask.png
632287,train,632287_sat.jpg,632287_mask.png
567919,train,567919_sat.jpg,567919_mask.png
96639,train,96639_sat.jpg,96639_mask.png
823514,train,823514_sat.jpg,823514_mask.png
295393,train,295393_sat.jpg,295393_mask.png
570749,train,570749_sat.jpg,570749_mask.png
558593,train,558593_sat.jpg,558593_mask.png
53109,train,53109_sat.jpg,53109_mask.png
439492,train,439492_sat.jpg,439492_mask.png
118131,train,118131_sat.jpg,118131_mask.png
721100,train,721100_sat.jpg,721100_mask.png
995848,train,995848_sat.jpg,995848_mask.png
603213,train,603213_sat.jpg,603213_mask.png
677861,train,677861_sat.jpg,677861_mask.png
859461,train,859461_sat.jpg,859461_mask.png
960793,train,960793_sat.jpg,960793_mask.png
800704,train,800704_sat.jpg,800704_mask.png
844589,train,844589_sat.jpg,844589_mask.png
835491,train,835491_sat.jpg,835491_mask.png
112762,train,112762_sat.jpg,112762_mask.png
380184,train,380184_sat.jpg,380184_mask.png
345264,train,345264_sat.jpg,345264_mask.png
732273,train,732273_sat.jpg,732273_mask.png
529820,train,529820_sat.jpg,529820_mask.png
746743,train,746743_sat.jpg,746743_mask.png
376233,train,376233_sat.jpg,376233_mask.png
877909,train,877909_sat.jpg,877909_mask.png
81150,train,81150_sat.jpg,81150_mask.png
910400,train,910400_sat.jpg,910400_mask.png
329556,train,329556_sat.jpg,329556_mask.png
601596,train,601596_sat.jpg,601596_mask.png
546662,train,546662_sat.jpg,546662_mask.png
601859,train,601859_sat.jpg,601859_mask.png
976914,train,976914_sat.jpg,976914_mask.png
810689,train,810689_sat.jpg,810689_mask.png
566750,train,566750_sat.jpg,566750_mask.png
199215,train,199215_sat.jpg,199215_mask.png
411554,train,411554_sat.jpg,411554_mask.png
97115,train,97115_sat.jpg,97115_mask.png
860220,train,860220_sat.jpg,860220_mask.png
248426,train,248426_sat.jpg,248426_mask.png
184760,train,184760_sat.jpg,184760_mask.png
68733,train,68733_sat.jpg,68733_mask.png
62371,train,62371_sat.jpg,62371_mask.png
276572,train,276572_sat.jpg,276572_mask.png
763876,train,763876_sat.jpg,763876_mask.png
655291,train,655291_sat.jpg,655291_mask.png
313498,train,313498_sat.jpg,313498_mask.png
511525,train,511525_sat.jpg,511525_mask.png
821399,train,821399_sat.jpg,821399_mask.png
85473,train,85473_sat.jpg,85473_mask.png
707893,train,707893_sat.jpg,707893_mask.png
140927,train,140927_sat.jpg,140927_mask.png
515984,train,515984_sat.jpg,515984_mask.png
616611,train,616611_sat.jpg,616611_mask.png
401546,train,401546_sat.jpg,401546_mask.png
558167,train,558167_sat.jpg,558167_mask.png
371829,train,371829_sat.jpg,371829_mask.png
950919,train,950919_sat.jpg,950919_mask.png
861220,train,861220_sat.jpg,861220_mask.png
197397,train,197397_sat.jpg,197397_mask.png
883839,train,883839_sat.jpg,883839_mask.png
73033,train,73033_sat.jpg,73033_mask.png
650278,train,650278_sat.jpg,650278_mask.png
245375,train,245375_sat.jpg,245375_mask.png
834144,train,834144_sat.jpg,834144_mask.png
354691,train,354691_sat.jpg,354691_mask.png
281122,train,281122_sat.jpg,281122_mask.png
844808,train,844808_sat.jpg,844808_mask.png
566823,train,566823_sat.jpg,566823_mask.png
692921,train,692921_sat.jpg,692921_mask.png
826982,train,826982_sat.jpg,826982_mask.png
987840,train,987840_sat.jpg,987840_mask.png
410490,train,410490_sat.jpg,410490_mask.png
95573,train,95573_sat.jpg,95573_mask.png
232446,train,232446_sat.jpg,232446_mask.png
885911,train,885911_sat.jpg,885911_mask.png
289571,train,289571_sat.jpg,289571_mask.png
937098,train,937098_sat.jpg,937098_mask.png
331675,train,331675_sat.jpg,331675_mask.png
31578,train,31578_sat.jpg,31578_mask.png
224447,train,224447_sat.jpg,224447_mask.png
154786,train,154786_sat.jpg,154786_mask.png
121541,train,121541_sat.jpg,121541_mask.png
145767,train,145767_sat.jpg,145767_mask.png
320459,train,320459_sat.jpg,320459_mask.png
246363,train,246363_sat.jpg,246363_mask.png
15833,train,15833_sat.jpg,15833_mask.png
530184,train,530184_sat.jpg,530184_mask.png
21331,train,21331_sat.jpg,21331_mask.png
65602,train,65602_sat.jpg,65602_mask.png
577799,train,577799_sat.jpg,577799_mask.png
584565,train,584565_sat.jpg,584565_mask.png
832167,train,832167_sat.jpg,832167_mask.png
71429,train,71429_sat.jpg,71429_mask.png
300560,train,300560_sat.jpg,300560_mask.png
549767,train,549767_sat.jpg,549767_mask.png
86650,train,86650_sat.jpg,86650_mask.png
486442,train,486442_sat.jpg,486442_mask.png
374383,train,374383_sat.jpg,374383_mask.png
596940,train,596940_sat.jpg,596940_mask.png
547941,train,547941_sat.jpg,547941_mask.png
815168,train,815168_sat.jpg,815168_mask.png
862470,train,862470_sat.jpg,862470_mask.png
543006,train,543006_sat.jpg,543006_mask.png
740865,train,740865_sat.jpg,740865_mask.png
481527,train,481527_sat.jpg,481527_mask.png
524793,train,524793_sat.jpg,524793_mask.png
108254,train,108254_sat.jpg,108254_mask.png
111140,train,111140_sat.jpg,111140_mask.png
217838,train,217838_sat.jpg,217838_mask.png
445366,train,445366_sat.jpg,445366_mask.png
564839,train,564839_sat.jpg,564839_mask.png
999233,train,999233_sat.jpg,999233_mask.png
216376,train,216376_sat.jpg,216376_mask.png
887195,train,887195_sat.jpg,887195_mask.png
973890,train,973890_sat.jpg,973890_mask.png
689530,train,689530_sat.jpg,689530_mask.png
414592,train,414592_sat.jpg,414592_mask.png
715887,train,715887_sat.jpg,715887_mask.png
974725,train,974725_sat.jpg,974725_mask.png
640436,train,640436_sat.jpg,640436_mask.png
616496,train,616496_sat.jpg,616496_mask.png
616751,train,616751_sat.jpg,616751_mask.png
788531,train,788531_sat.jpg,788531_mask.png
232758,train,232758_sat.jpg,232758_mask.png
408679,train,408679_sat.jpg,408679_mask.png
641916,train,641916_sat.jpg,641916_mask.png
428707,train,428707_sat.jpg,428707_mask.png
939841,train,939841_sat.jpg,939841_mask.png
284083,train,284083_sat.jpg,284083_mask.png
455551,train,455551_sat.jpg,455551_mask.png
77378,train,77378_sat.jpg,77378_mask.png
754467,train,754467_sat.jpg,754467_mask.png
273061,train,273061_sat.jpg,273061_mask.png
770503,train,770503_sat.jpg,770503_mask.png
831394,train,831394_sat.jpg,831394_mask.png
16754,train,16754_sat.jpg,16754_mask.png
300246,train,300246_sat.jpg,300246_mask.png
572614,train,572614_sat.jpg,572614_mask.png
782731,train,782731_sat.jpg,782731_mask.png
953426,train,953426_sat.jpg,953426_mask.png
253879,train,253879_sat.jpg,253879_mask.png
512435,train,512435_sat.jpg,512435_mask.png
783598,train,783598_sat.jpg,783598_mask.png
86801,train,86801_sat.jpg,86801_mask.png
301490,train,301490_sat.jpg,301490_mask.png
437637,train,437637_sat.jpg,437637_mask.png
730376,train,730376_sat.jpg,730376_mask.png
563197,train,563197_sat.jpg,563197_mask.png
528798,train,528798_sat.jpg,528798_mask.png
665694,train,665694_sat.jpg,665694_mask.png
724870,train,724870_sat.jpg,724870_mask.png
312663,train,312663_sat.jpg,312663_mask.png
735376,train,735376_sat.jpg,735376_mask.png
996759,train,996759_sat.jpg,996759_mask.png
38615,train,38615_sat.jpg,38615_mask.png
775515,train,775515_sat.jpg,775515_mask.png
576302,train,576302_sat.jpg,576302_mask.png
540679,train,540679_sat.jpg,540679_mask.png
823673,train,823673_sat.jpg,823673_mask.png
869901,train,869901_sat.jpg,869901_mask.png
63238,train,63238_sat.jpg,63238_mask.png
100841,train,100841_sat.jpg,100841_mask.png
454552,train,454552_sat.jpg,454552_mask.png
200716,train,200716_sat.jpg,200716_mask.png
375903,train,375903_sat.jpg,375903_mask.png
710678,train,710678_sat.jpg,710678_mask.png
926026,train,926026_sat.jpg,926026_mask.png
863140,train,863140_sat.jpg,863140_mask.png
784659,train,784659_sat.jpg,784659_mask.png
800933,train,800933_sat.jpg,800933_mask.png
472362,train,472362_sat.jpg,472362_mask.png
648616,train,648616_sat.jpg,648616_mask.png
925360,train,925360_sat.jpg,925360_mask.png
255193,train,255193_sat.jpg,255193_mask.png
51242,train,51242_sat.jpg,51242_mask.png
679925,train,679925_sat.jpg,679925_mask.png
419054,train,419054_sat.jpg,419054_mask.png
308856,train,308856_sat.jpg,308856_mask.png
892063,train,892063_sat.jpg,892063_mask.png
368807,train,368807_sat.jpg,368807_mask.png
925068,train,925068_sat.jpg,925068_mask.png
388122,train,388122_sat.jpg,388122_mask.png
804816,train,804816_sat.jpg,804816_mask.png
797110,train,797110_sat.jpg,797110_mask.png
478077,train,478077_sat.jpg,478077_mask.png
451850,train,451850_sat.jpg,451850_mask.png
52421,train,52421_sat.jpg,52421_mask.png
266032,train,266032_sat.jpg,266032_mask.png
30689,train,30689_sat.jpg,30689_mask.png
589551,train,589551_sat.jpg,589551_mask.png
910154,train,910154_sat.jpg,910154_mask.png
99367,train,99367_sat.jpg,99367_mask.png
603884,train,603884_sat.jpg,603884_mask.png
134280,train,134280_sat.jpg,134280_mask.png
932353,train,932353_sat.jpg,932353_mask.png
106741,train,106741_sat.jpg,106741_mask.png
185983,train,185983_sat.jpg,185983_mask.png
281008,train,281008_sat.jpg,281008_mask.png
778115,train,778115_sat.jpg,778115_mask.png
968690,train,968690_sat.jpg,968690_mask.png
904178,train,904178_sat.jpg,904178_mask.png
425216,train,425216_sat.jpg,425216_mask.png
705112,train,705112_sat.jpg,705112_mask.png
140935,train,140935_sat.jpg,140935_mask.png
261906,train,261906_sat.jpg,261906_mask.png
428426,train,428426_sat.jpg,428426_mask.png
946799,train,946799_sat.jpg,946799_mask.png
37493,train,37493_sat.jpg,37493_mask.png
159264,train,159264_sat.jpg,159264_mask.png
344028,train,344028_sat.jpg,344028_mask.png
332370,train,332370_sat.jpg,332370_mask.png
595564,train,595564_sat.jpg,595564_mask.png
485186,train,485186_sat.jpg,485186_mask.png
71939,train,71939_sat.jpg,71939_mask.png
880871,train,880871_sat.jpg,880871_mask.png
321959,train,321959_sat.jpg,321959_mask.png
491748,train,491748_sat.jpg,491748_mask.png
651870,train,651870_sat.jpg,651870_mask.png
132294,train,132294_sat.jpg,132294_mask.png
232755,train,232755_sat.jpg,232755_mask.png
287837,train,287837_sat.jpg,287837_mask.png
771718,train,771718_sat.jpg,771718_mask.png
365725,train,365725_sat.jpg,365725_mask.png
362004,train,362004_sat.jpg,362004_mask.png
455709,train,455709_sat.jpg,455709_mask.png
832482,train,832482_sat.jpg,832482_mask.png
66180,train,66180_sat.jpg,66180_mask.png
239555,train,239555_sat.jpg,239555_mask.png
356431,train,356431_sat.jpg,356431_mask.png
39884,train,39884_sat.jpg,39884_mask.png
483698,train,483698_sat.jpg,483698_mask.png
150984,train,150984_sat.jpg,150984_mask.png
783991,train,783991_sat.jpg,783991_mask.png
746094,train,746094_sat.jpg,746094_mask.png
565512,train,565512_sat.jpg,565512_mask.png
450934,train,450934_sat.jpg,450934_mask.png
353807,train,353807_sat.jpg,353807_mask.png
725392,train,725392_sat.jpg,725392_mask.png
969029,train,969029_sat.jpg,969029_mask.png
675819,train,675819_sat.jpg,675819_mask.png
85211,train,85211_sat.jpg,85211_mask.png
921723,train,921723_sat.jpg,921723_mask.png
542502,train,542502_sat.jpg,542502_mask.png
95070,train,95070_sat.jpg,95070_mask.png
512863,train,512863_sat.jpg,512863_mask.png
79292,train,79292_sat.jpg,79292_mask.png
345150,train,345150_sat.jpg,345150_mask.png
780544,train,780544_sat.jpg,780544_mask.png
453115,train,453115_sat.jpg,453115_mask.png
297834,train,297834_sat.jpg,297834_mask.png
126572,train,126572_sat.jpg,126572_mask.png
226952,train,226952_sat.jpg,226952_mask.png
97279,train,97279_sat.jpg,97279_mask.png
584677,train,584677_sat.jpg,584677_mask.png
878110,train,878110_sat.jpg,878110_mask.png
626460,train,626460_sat.jpg,626460_mask.png
378019,train,378019_sat.jpg,378019_mask.png
823835,train,823835_sat.jpg,823835_mask.png
617037,train,617037_sat.jpg,617037_mask.png
390928,train,390928_sat.jpg,390928_mask.png
899642,train,899642_sat.jpg,899642_mask.png
754948,train,754948_sat.jpg,754948_mask.png
103056,train,103056_sat.jpg,103056_mask.png
100034,train,100034_sat.jpg,100034_mask.png
408814,train,408814_sat.jpg,408814_mask.png
296759,train,296759_sat.jpg,296759_mask.png
763947,train,763947_sat.jpg,763947_mask.png
593246,train,593246_sat.jpg,593246_mask.png
501593,train,501593_sat.jpg,501593_mask.png
590576,train,590576_sat.jpg,590576_mask.png
160432,train,160432_sat.jpg,160432_mask.png
769777,train,769777_sat.jpg,769777_mask.png
700216,train,700216_sat.jpg,700216_mask.png
808719,train,808719_sat.jpg,808719_mask.png
358554,train,358554_sat.jpg,358554_mask.png
855477,train,855477_sat.jpg,855477_mask.png
747312,train,747312_sat.jpg,747312_mask.png
222170,train,222170_sat.jpg,222170_mask.png
322697,train,322697_sat.jpg,322697_mask.png
717213,train,717213_sat.jpg,717213_mask.png
357420,train,357420_sat.jpg,357420_mask.png
424612,train,424612_sat.jpg,424612_mask.png
681474,train,681474_sat.jpg,681474_mask.png
808984,train,808984_sat.jpg,808984_mask.png
696096,train,696096_sat.jpg,696096_mask.png
773391,train,773391_sat.jpg,773391_mask.png
606903,train,606903_sat.jpg,606903_mask.png
86928,train,86928_sat.jpg,86928_mask.png
829346,train,829346_sat.jpg,829346_mask.png
821246,train,821246_sat.jpg,821246_mask.png
873729,train,873729_sat.jpg,873729_mask.png
841208,train,841208_sat.jpg,841208_mask.png
723436,train,723436_sat.jpg,723436_mask.png
793205,train,793205_sat.jpg,793205_mask.png
184255,train,184255_sat.jpg,184255_mask.png
269301,train,269301_sat.jpg,269301_mask.png
277484,train,277484_sat.jpg,277484_mask.png
585609,train,585609_sat.jpg,585609_mask.png
292753,train,292753_sat.jpg,292753_mask.png
771504,train,771504_sat.jpg,771504_mask.png
616654,train,616654_sat.jpg,616654_mask.png
203439,train,203439_sat.jpg,203439_mask.png
483392,train,483392_sat.jpg,483392_mask.png
738456,train,738456_sat.jpg,738456_mask.png
362460,train,362460_sat.jpg,362460_mask.png
75561,train,75561_sat.jpg,75561_mask.png
495891,train,495891_sat.jpg,495891_mask.png
306070,train,306070_sat.jpg,306070_mask.png
937546,train,937546_sat.jpg,937546_mask.png
559237,train,559237_sat.jpg,559237_mask.png
540983,train,540983_sat.jpg,540983_mask.png
227580,train,227580_sat.jpg,227580_mask.png
78186,train,78186_sat.jpg,78186_mask.png
33507,train,33507_sat.jpg,33507_mask.png
405652,train,405652_sat.jpg,405652_mask.png
703903,train,703903_sat.jpg,703903_mask.png
630236,train,630236_sat.jpg,630236_mask.png
311078,train,311078_sat.jpg,311078_mask.png
580455,train,580455_sat.jpg,580455_mask.png
208706,train,208706_sat.jpg,208706_mask.png
691185,train,691185_sat.jpg,691185_mask.png
63873,train,63873_sat.jpg,63873_mask.png
473645,train,473645_sat.jpg,473645_mask.png
375229,train,375229_sat.jpg,375229_mask.png
588160,train,588160_sat.jpg,588160_mask.png
262765,train,262765_sat.jpg,262765_mask.png
82759,train,82759_sat.jpg,82759_mask.png
899152,train,899152_sat.jpg,899152_mask.png
525996,train,525996_sat.jpg,525996_mask.png
441253,train,441253_sat.jpg,441253_mask.png
273731,train,273731_sat.jpg,273731_mask.png
385783,train,385783_sat.jpg,385783_mask.png
12959,train,12959_sat.jpg,12959_mask.png
314575,train,314575_sat.jpg,314575_mask.png
882906,train,882906_sat.jpg,882906_mask.png
186392,train,186392_sat.jpg,186392_mask.png
403666,train,403666_sat.jpg,403666_mask.png
302976,train,302976_sat.jpg,302976_mask.png
21449,train,21449_sat.jpg,21449_mask.png
652155,train,652155_sat.jpg,652155_mask.png
441557,train,441557_sat.jpg,441557_mask.png
991392,train,991392_sat.jpg,991392_mask.png
36243,train,36243_sat.jpg,36243_mask.png
12023,train,12023_sat.jpg,12023_mask.png
127416,train,127416_sat.jpg,127416_mask.png
898620,train,898620_sat.jpg,898620_mask.png
358518,train,358518_sat.jpg,358518_mask.png
649934,train,649934_sat.jpg,649934_mask.png
467054,train,467054_sat.jpg,467054_mask.png
65864,train,65864_sat.jpg,65864_mask.png
617648,train,617648_sat.jpg,617648_mask.png
477500,train,477500_sat.jpg,477500_mask.png
675862,train,675862_sat.jpg,675862_mask.png
396252,train,396252_sat.jpg,396252_mask.png
197527,train,197527_sat.jpg,197527_mask.png
369819,train,369819_sat.jpg,369819_mask.png
75611,train,75611_sat.jpg,75611_mask.png
472354,train,472354_sat.jpg,472354_mask.png
415246,train,415246_sat.jpg,415246_mask.png
946851,train,946851_sat.jpg,946851_mask.png
438880,train,438880_sat.jpg,438880_mask.png
305094,train,305094_sat.jpg,305094_mask.png
152886,train,152886_sat.jpg,152886_mask.png
655598,train,655598_sat.jpg,655598_mask.png
460160,train,460160_sat.jpg,460160_mask.png
208604,train,208604_sat.jpg,208604_mask.png
805093,train,805093_sat.jpg,805093_mask.png
242466,train,242466_sat.jpg,242466_mask.png
828845,train,828845_sat.jpg,828845_mask.png
718920,train,718920_sat.jpg,718920_mask.png
374028,train,374028_sat.jpg,374028_mask.png
671552,train,671552_sat.jpg,671552_mask.png
973982,train,973982_sat.jpg,973982_mask.png
960162,train,960162_sat.jpg,960162_mask.png
289200,train,289200_sat.jpg,289200_mask.png
719968,train,719968_sat.jpg,719968_mask.png
923845,train,923845_sat.jpg,923845_mask.png
197951,train,197951_sat.jpg,197951_mask.png
355638,train,355638_sat.jpg,355638_mask.png
623099,train,623099_sat.jpg,623099_mask.png
699275,train,699275_sat.jpg,699275_mask.png
175388,train,175388_sat.jpg,175388_mask.png
605723,train,605723_sat.jpg,605723_mask.png
725747,train,725747_sat.jpg,725747_mask.png
812636,train,812636_sat.jpg,812636_mask.png
933392,train,933392_sat.jpg,933392_mask.png
957508,train,957508_sat.jpg,957508_mask.png
85705,train,85705_sat.jpg,85705_mask.png
259042,train,259042_sat.jpg,259042_mask.png
945265,train,945265_sat.jpg,945265_mask.png
575817,train,575817_sat.jpg,575817_mask.png
20236,train,20236_sat.jpg,20236_mask.png
286360,train,286360_sat.jpg,286360_mask.png
729246,train,729246_sat.jpg,729246_mask.png
330776,train,330776_sat.jpg,330776_mask.png
464065,train,464065_sat.jpg,464065_mask.png
876221,train,876221_sat.jpg,876221_mask.png
74600,train,74600_sat.jpg,74600_mask.png
109942,train,109942_sat.jpg,109942_mask.png
664031,train,664031_sat.jpg,664031_mask.png
567954,train,567954_sat.jpg,567954_mask.png
422875,train,422875_sat.jpg,422875_mask.png
726668,train,726668_sat.jpg,726668_mask.png
897586,train,897586_sat.jpg,897586_mask.png
805530,train,805530_sat.jpg,805530_mask.png
222415,train,222415_sat.jpg,222415_mask.png
279367,train,279367_sat.jpg,279367_mask.png
340502,train,340502_sat.jpg,340502_mask.png
847949,train,847949_sat.jpg,847949_mask.png
508418,train,508418_sat.jpg,508418_mask.png
751202,train,751202_sat.jpg,751202_mask.png
437091,train,437091_sat.jpg,437091_mask.png
689986,train,689986_sat.jpg,689986_mask.png
694384,train,694384_sat.jpg,694384_mask.png
458393,train,458393_sat.jpg,458393_mask.png
793658,train,793658_sat.jpg,793658_mask.png
48682,train,48682_sat.jpg,48682_mask.png
897281,train,897281_sat.jpg,897281_mask.png
86045,train,86045_sat.jpg,86045_mask.png
84543,train,84543_sat.jpg,84543_mask.png
267531,train,267531_sat.jpg,267531_mask.png
160894,train,160894_sat.jpg,160894_mask.png
927649,train,927649_sat.jpg,927649_mask.png
816391,train,816391_sat.jpg,816391_mask.png
216610,train,216610_sat.jpg,216610_mask.png
865357,train,865357_sat.jpg,865357_mask.png
806195,train,806195_sat.jpg,806195_mask.png
299854,train,299854_sat.jpg,299854_mask.png
33736,train,33736_sat.jpg,33736_mask.png
831007,train,831007_sat.jpg,831007_mask.png
747616,train,747616_sat.jpg,747616_mask.png
929716,train,929716_sat.jpg,929716_mask.png
415200,train,415200_sat.jpg,415200_mask.png
242989,train,242989_sat.jpg,242989_mask.png
431938,train,431938_sat.jpg,431938_mask.png
28905,train,28905_sat.jpg,28905_mask.png
59805,train,59805_sat.jpg,59805_mask.png
687433,train,687433_sat.jpg,687433_mask.png
763393,train,763393_sat.jpg,763393_mask.png
112946,train,112946_sat.jpg,112946_mask.png
581664,train,581664_sat.jpg,581664_mask.png
808479,train,808479_sat.jpg,808479_mask.png
800647,train,800647_sat.jpg,800647_mask.png
697939,train,697939_sat.jpg,697939_mask.png
804925,train,804925_sat.jpg,804925_mask.png
602,train,602_sat.jpg,602_mask.png
513903,train,513903_sat.jpg,513903_mask.png
164799,train,164799_sat.jpg,164799_mask.png
871780,train,871780_sat.jpg,871780_mask.png
370642,train,370642_sat.jpg,370642_mask.png
912039,train,912039_sat.jpg,912039_mask.png
316904,train,316904_sat.jpg,316904_mask.png
732079,train,732079_sat.jpg,732079_mask.png
322316,train,322316_sat.jpg,322316_mask.png
759355,train,759355_sat.jpg,759355_mask.png
489731,train,489731_sat.jpg,489731_mask.png
224907,train,224907_sat.jpg,224907_mask.png
17596,train,17596_sat.jpg,17596_mask.png
635362,train,635362_sat.jpg,635362_mask.png
121994,train,121994_sat.jpg,121994_mask.png
838954,train,838954_sat.jpg,838954_mask.png
472280,train,472280_sat.jpg,472280_mask.png
640548,train,640548_sat.jpg,640548_mask.png
298588,train,298588_sat.jpg,298588_mask.png
794616,train,794616_sat.jpg,794616_mask.png
979854,train,979854_sat.jpg,979854_mask.png
422719,train,422719_sat.jpg,422719_mask.png
668618,train,668618_sat.jpg,668618_mask.png
2667,train,2667_sat.jpg,2667_mask.png
421728,train,421728_sat.jpg,421728_mask.png
655307,train,655307_sat.jpg,655307_mask.png
354791,train,354791_sat.jpg,354791_mask.png
886182,train,886182_sat.jpg,886182_mask.png
183552,train,183552_sat.jpg,183552_mask.png
170330,train,170330_sat.jpg,170330_mask.png
387942,train,387942_sat.jpg,387942_mask.png
238546,train,238546_sat.jpg,238546_mask.png
597812,train,597812_sat.jpg,597812_mask.png
826412,train,826412_sat.jpg,826412_mask.png
18159,train,18159_sat.jpg,18159_mask.png
938376,train,938376_sat.jpg,938376_mask.png
360368,train,360368_sat.jpg,360368_mask.png
776852,train,776852_sat.jpg,776852_mask.png
887849,train,887849_sat.jpg,887849_mask.png
815028,train,815028_sat.jpg,815028_mask.png
979812,train,979812_sat.jpg,979812_mask.png
328335,train,328335_sat.jpg,328335_mask.png
417932,train,417932_sat.jpg,417932_mask.png
194764,train,194764_sat.jpg,194764_mask.png
965349,train,965349_sat.jpg,965349_mask.png
241249,train,241249_sat.jpg,241249_mask.png
982396,train,982396_sat.jpg,982396_mask.png
675817,train,675817_sat.jpg,675817_mask.png
341300,train,341300_sat.jpg,341300_mask.png
420624,train,420624_sat.jpg,420624_mask.png
960845,train,960845_sat.jpg,960845_mask.png
899123,train,899123_sat.jpg,899123_mask.png
611936,train,611936_sat.jpg,611936_mask.png
12347,train,12347_sat.jpg,12347_mask.png
426908,train,426908_sat.jpg,426908_mask.png
642402,train,642402_sat.jpg,642402_mask.png
705897,train,705897_sat.jpg,705897_mask.png
259840,train,259840_sat.jpg,259840_mask.png
682129,train,682129_sat.jpg,682129_mask.png
430305,train,430305_sat.jpg,430305_mask.png
519392,train,519392_sat.jpg,519392_mask.png
856184,train,856184_sat.jpg,856184_mask.png
143979,train,143979_sat.jpg,143979_mask.png
236446,train,236446_sat.jpg,236446_mask.png
514669,train,514669_sat.jpg,514669_mask.png
722817,train,722817_sat.jpg,722817_mask.png
793993,train,793993_sat.jpg,793993_mask.png
511239,train,511239_sat.jpg,511239_mask.png
621824,train,621824_sat.jpg,621824_mask.png
59797,train,59797_sat.jpg,59797_mask.png
56652,train,56652_sat.jpg,56652_mask.png
913201,train,913201_sat.jpg,913201_mask.png
526025,train,526025_sat.jpg,526025_mask.png
760436,train,760436_sat.jpg,760436_mask.png
829034,train,829034_sat.jpg,829034_mask.png
986182,train,986182_sat.jpg,986182_mask.png
237922,train,237922_sat.jpg,237922_mask.png
435633,train,435633_sat.jpg,435633_mask.png
893080,train,893080_sat.jpg,893080_mask.png
869328,train,869328_sat.jpg,869328_mask.png
935648,train,935648_sat.jpg,935648_mask.png
343801,train,343801_sat.jpg,343801_mask.png
942881,train,942881_sat.jpg,942881_mask.png
716204,train,716204_sat.jpg,716204_mask.png
645580,train,645580_sat.jpg,645580_mask.png
702136,train,702136_sat.jpg,702136_mask.png
728843,train,728843_sat.jpg,728843_mask.png
243937,train,243937_sat.jpg,243937_mask.png
359514,train,359514_sat.jpg,359514_mask.png
582884,train,582884_sat.jpg,582884_mask.png
944241,train,944241_sat.jpg,944241_mask.png
95471,train,95471_sat.jpg,95471_mask.png
243017,train,243017_sat.jpg,243017_mask.png
925525,train,925525_sat.jpg,925525_mask.png
604000,train,604000_sat.jpg,604000_mask.png
915776,train,915776_sat.jpg,915776_mask.png
630077,train,630077_sat.jpg,630077_mask.png
738721,train,738721_sat.jpg,738721_mask.png
731391,train,731391_sat.jpg,731391_mask.png
308726,train,308726_sat.jpg,308726_mask.png
867257,train,867257_sat.jpg,867257_mask.png
617696,train,617696_sat.jpg,617696_mask.png
812741,train,812741_sat.jpg,812741_mask.png
306455,train,306455_sat.jpg,306455_mask.png
299811,train,299811_sat.jpg,299811_mask.png
140509,train,140509_sat.jpg,140509_mask.png
489725,train,489725_sat.jpg,489725_mask.png
623478,train,623478_sat.jpg,623478_mask.png
482277,train,482277_sat.jpg,482277_mask.png
67470,train,67470_sat.jpg,67470_mask.png
236240,train,236240_sat.jpg,236240_mask.png
727230,train,727230_sat.jpg,727230_mask.png
600652,train,600652_sat.jpg,600652_mask.png
44258,train,44258_sat.jpg,44258_mask.png
409191,train,409191_sat.jpg,409191_mask.png
744056,train,744056_sat.jpg,744056_mask.png
138350,train,138350_sat.jpg,138350_mask.png
327244,train,327244_sat.jpg,327244_mask.png
351420,train,351420_sat.jpg,351420_mask.png
972689,train,972689_sat.jpg,972689_mask.png
702023,train,702023_sat.jpg,702023_mask.png
234692,train,234692_sat.jpg,234692_mask.png
735784,train,735784_sat.jpg,735784_mask.png
758973,train,758973_sat.jpg,758973_mask.png
141216,train,141216_sat.jpg,141216_mask.png
199872,train,199872_sat.jpg,199872_mask.png
775963,train,775963_sat.jpg,775963_mask.png
372063,train,372063_sat.jpg,372063_mask.png
81465,train,81465_sat.jpg,81465_mask.png
719482,train,719482_sat.jpg,719482_mask.png
268319,train,268319_sat.jpg,268319_mask.png
923831,train,923831_sat.jpg,923831_mask.png
834245,train,834245_sat.jpg,834245_mask.png
961425,train,961425_sat.jpg,961425_mask.png
768818,train,768818_sat.jpg,768818_mask.png
482895,train,482895_sat.jpg,482895_mask.png
469867,train,469867_sat.jpg,469867_mask.png
883595,train,883595_sat.jpg,883595_mask.png
354477,train,354477_sat.jpg,354477_mask.png
444795,train,444795_sat.jpg,444795_mask.png
528546,train,528546_sat.jpg,528546_mask.png
879911,train,879911_sat.jpg,879911_mask.png
428625,train,428625_sat.jpg,428625_mask.png
846744,train,846744_sat.jpg,846744_mask.png
201735,train,201735_sat.jpg,201735_mask.png
372496,train,372496_sat.jpg,372496_mask.png
942837,train,942837_sat.jpg,942837_mask.png
190129,train,190129_sat.jpg,190129_mask.png
537307,train,537307_sat.jpg,537307_mask.png
75815,train,75815_sat.jpg,75815_mask.png
559864,train,559864_sat.jpg,559864_mask.png
4227,train,4227_sat.jpg,4227_mask.png
959091,train,959091_sat.jpg,959091_mask.png
461178,train,461178_sat.jpg,461178_mask.png
105742,train,105742_sat.jpg,105742_mask.png
369916,train,369916_sat.jpg,369916_mask.png
335613,train,335613_sat.jpg,335613_mask.png
633970,train,633970_sat.jpg,633970_mask.png
139775,train,139775_sat.jpg,139775_mask.png
517328,train,517328_sat.jpg,517328_mask.png
447532,train,447532_sat.jpg,447532_mask.png
225869,train,225869_sat.jpg,225869_mask.png
50103,train,50103_sat.jpg,50103_mask.png
755069,train,755069_sat.jpg,755069_mask.png
578957,train,578957_sat.jpg,578957_mask.png
98477,train,98477_sat.jpg,98477_mask.png
716527,train,716527_sat.jpg,716527_mask.png
662044,train,662044_sat.jpg,662044_mask.png
280509,train,280509_sat.jpg,280509_mask.png
26566,train,26566_sat.jpg,26566_mask.png
637336,train,637336_sat.jpg,637336_mask.png
379373,train,379373_sat.jpg,379373_mask.png
184812,train,184812_sat.jpg,184812_mask.png
232140,train,232140_sat.jpg,232140_mask.png
472925,train,472925_sat.jpg,472925_mask.png
549813,train,549813_sat.jpg,549813_mask.png
174211,train,174211_sat.jpg,174211_mask.png
413810,train,413810_sat.jpg,413810_mask.png
291592,train,291592_sat.jpg,291592_mask.png
951118,train,951118_sat.jpg,951118_mask.png
463505,train,463505_sat.jpg,463505_mask.png
100867,train,100867_sat.jpg,100867_mask.png
429784,train,429784_sat.jpg,429784_mask.png
856919,train,856919_sat.jpg,856919_mask.png
752708,train,752708_sat.jpg,752708_mask.png
742390,train,742390_sat.jpg,742390_mask.png
884532,train,884532_sat.jpg,884532_mask.png
305441,train,305441_sat.jpg,305441_mask.png
275849,train,275849_sat.jpg,275849_mask.png
446604,train,446604_sat.jpg,446604_mask.png
476486,train,476486_sat.jpg,476486_mask.png
35892,train,35892_sat.jpg,35892_mask.png
48710,train,48710_sat.jpg,48710_mask.png
215026,train,215026_sat.jpg,215026_mask.png
423747,train,423747_sat.jpg,423747_mask.png
247505,train,247505_sat.jpg,247505_mask.png
70312,train,70312_sat.jpg,70312_mask.png
553521,train,553521_sat.jpg,553521_mask.png
968202,train,968202_sat.jpg,968202_mask.png
38353,train,38353_sat.jpg,38353_mask.png
286322,train,286322_sat.jpg,286322_mask.png
354649,train,354649_sat.jpg,354649_mask.png
819184,train,819184_sat.jpg,819184_mask.png
168410,train,168410_sat.jpg,168410_mask.png
229279,train,229279_sat.jpg,229279_mask.png
707235,train,707235_sat.jpg,707235_mask.png
897763,train,897763_sat.jpg,897763_mask.png
487305,train,487305_sat.jpg,487305_mask.png
533738,train,533738_sat.jpg,533738_mask.png
215970,train,215970_sat.jpg,215970_mask.png
477475,train,477475_sat.jpg,477475_mask.png
971038,train,971038_sat.jpg,971038_mask.png
349238,train,349238_sat.jpg,349238_mask.png
404196,train,404196_sat.jpg,404196_mask.png
668861,train,668861_sat.jpg,668861_mask.png
495562,train,495562_sat.jpg,495562_mask.png
44614,train,44614_sat.jpg,44614_mask.png
976309,train,976309_sat.jpg,976309_mask.png
868488,train,868488_sat.jpg,868488_mask.png
22972,train,22972_sat.jpg,22972_mask.png
617734,train,617734_sat.jpg,617734_mask.png
260008,train,260008_sat.jpg,260008_mask.png
745902,train,745902_sat.jpg,745902_mask.png
714942,train,714942_sat.jpg,714942_mask.png
181371,train,181371_sat.jpg,181371_mask.png
653446,train,653446_sat.jpg,653446_mask.png
447816,train,447816_sat.jpg,447816_mask.png
82676,train,82676_sat.jpg,82676_mask.png
757333,train,757333_sat.jpg,757333_mask.png
472410,train,472410_sat.jpg,472410_mask.png
833457,train,833457_sat.jpg,833457_mask.png
42576,train,42576_sat.jpg,42576_mask.png
347354,train,347354_sat.jpg,347354_mask.png
189642,train,189642_sat.jpg,189642_mask.png
185620,train,185620_sat.jpg,185620_mask.png
685727,train,685727_sat.jpg,685727_mask.png
291185,train,291185_sat.jpg,291185_mask.png
153089,train,153089_sat.jpg,153089_mask.png
187024,train,187024_sat.jpg,187024_mask.png
798630,train,798630_sat.jpg,798630_mask.png
194423,train,194423_sat.jpg,194423_mask.png
166605,train,166605_sat.jpg,166605_mask.png
370547,train,370547_sat.jpg,370547_mask.png
562,train,562_sat.jpg,562_mask.png
115334,train,115334_sat.jpg,115334_mask.png
593096,train,593096_sat.jpg,593096_mask.png
734621,train,734621_sat.jpg,734621_mask.png
622284,train,622284_sat.jpg,622284_mask.png
952241,train,952241_sat.jpg,952241_mask.png
395487,train,395487_sat.jpg,395487_mask.png
317824,train,317824_sat.jpg,317824_mask.png
915795,train,915795_sat.jpg,915795_mask.png
825359,train,825359_sat.jpg,825359_mask.png
814649,train,814649_sat.jpg,814649_mask.png
612298,train,612298_sat.jpg,612298_mask.png
315051,train,315051_sat.jpg,315051_mask.png
24093,train,24093_sat.jpg,24093_mask.png
885803,train,885803_sat.jpg,885803_mask.png
18094,train,18094_sat.jpg,18094_mask.png
127242,train,127242_sat.jpg,127242_mask.png
452310,train,452310_sat.jpg,452310_mask.png
771314,train,771314_sat.jpg,771314_mask.png
74010,train,74010_sat.jpg,74010_mask.png
526053,train,526053_sat.jpg,526053_mask.png
86492,train,86492_sat.jpg,86492_mask.png
592441,train,592441_sat.jpg,592441_mask.png
18570,train,18570_sat.jpg,18570_mask.png
604244,train,604244_sat.jpg,604244_mask.png
18781,train,18781_sat.jpg,18781_mask.png
842012,train,842012_sat.jpg,842012_mask.png
535862,train,535862_sat.jpg,535862_mask.png
703102,train,703102_sat.jpg,703102_mask.png
438028,train,438028_sat.jpg,438028_mask.png
536045,train,536045_sat.jpg,536045_mask.png
940735,train,940735_sat.jpg,940735_mask.png
949841,train,949841_sat.jpg,949841_mask.png
664839,train,664839_sat.jpg,664839_mask.png
723990,train,723990_sat.jpg,723990_mask.png
4131,train,4131_sat.jpg,4131_mask.png
909630,train,909630_sat.jpg,909630_mask.png
455244,train,455244_sat.jpg,455244_mask.png
712340,train,712340_sat.jpg,712340_mask.png
158426,train,158426_sat.jpg,158426_mask.png
226604,train,226604_sat.jpg,226604_mask.png
367269,train,367269_sat.jpg,367269_mask.png
156527,train,156527_sat.jpg,156527_mask.png
93824,train,93824_sat.jpg,93824_mask.png
962829,train,962829_sat.jpg,962829_mask.png
873506,train,873506_sat.jpg,873506_mask.png
869031,train,869031_sat.jpg,869031_mask.png
9937,train,9937_sat.jpg,9937_mask.png
261916,train,261916_sat.jpg,261916_mask.png
662167,train,662167_sat.jpg,662167_mask.png
436476,train,436476_sat.jpg,436476_mask.png
821194,train,821194_sat.jpg,821194_mask.png
294701,train,294701_sat.jpg,294701_mask.png
410589,train,410589_sat.jpg,410589_mask.png
923367,train,923367_sat.jpg,923367_mask.png
906586,train,906586_sat.jpg,906586_mask.png
794521,train,794521_sat.jpg,794521_mask.png
419964,train,419964_sat.jpg,419964_mask.png
714515,train,714515_sat.jpg,714515_mask.png
967951,train,967951_sat.jpg,967951_mask.png
272049,train,272049_sat.jpg,272049_mask.png
570197,train,570197_sat.jpg,570197_mask.png
880700,train,880700_sat.jpg,880700_mask.png
385085,train,385085_sat.jpg,385085_mask.png
30207,train,30207_sat.jpg,30207_mask.png
48152,train,48152_sat.jpg,48152_mask.png
901928,train,901928_sat.jpg,901928_mask.png
819456,train,819456_sat.jpg,819456_mask.png
750485,train,750485_sat.jpg,750485_mask.png
841677,train,841677_sat.jpg,841677_mask.png
307216,train,307216_sat.jpg,307216_mask.png
228609,train,228609_sat.jpg,228609_mask.png
427560,train,427560_sat.jpg,427560_mask.png
476162,train,476162_sat.jpg,476162_mask.png
803990,train,803990_sat.jpg,803990_mask.png
872068,train,872068_sat.jpg,872068_mask.png
283125,train,283125_sat.jpg,283125_mask.png
744092,train,744092_sat.jpg,744092_mask.png
224916,train,224916_sat.jpg,224916_mask.png
729020,train,729020_sat.jpg,729020_mask.png
18650,train,18650_sat.jpg,18650_mask.png
131094,train,131094_sat.jpg,131094_mask.png
334723,train,334723_sat.jpg,334723_mask.png
386600,train,386600_sat.jpg,386600_mask.png
566987,train,566987_sat.jpg,566987_mask.png
609667,train,609667_sat.jpg,609667_mask.png
232253,train,232253_sat.jpg,232253_mask.png
1934,train,1934_sat.jpg,1934_mask.png
731150,train,731150_sat.jpg,731150_mask.png
913696,train,913696_sat.jpg,913696_mask.png
380317,train,380317_sat.jpg,380317_mask.png
124319,train,124319_sat.jpg,124319_mask.png
933583,train,933583_sat.jpg,933583_mask.png
707554,train,707554_sat.jpg,707554_mask.png
903885,train,903885_sat.jpg,903885_mask.png
641221,train,641221_sat.jpg,641221_mask.png
191470,train,191470_sat.jpg,191470_mask.png
228760,train,228760_sat.jpg,228760_mask.png
303109,train,303109_sat.jpg,303109_mask.png
523322,train,523322_sat.jpg,523322_mask.png
717068,train,717068_sat.jpg,717068_mask.png
183259,train,183259_sat.jpg,183259_mask.png
758229,train,758229_sat.jpg,758229_mask.png
913801,train,913801_sat.jpg,913801_mask.png
868649,train,868649_sat.jpg,868649_mask.png
622307,train,622307_sat.jpg,622307_mask.png
593161,train,593161_sat.jpg,593161_mask.png
724705,train,724705_sat.jpg,724705_mask.png
640682,train,640682_sat.jpg,640682_mask.png
83004,train,83004_sat.jpg,83004_mask.png
506242,train,506242_sat.jpg,506242_mask.png
364744,train,364744_sat.jpg,364744_mask.png
478111,train,478111_sat.jpg,478111_mask.png
585417,train,585417_sat.jpg,585417_mask.png
923812,train,923812_sat.jpg,923812_mask.png
195081,train,195081_sat.jpg,195081_mask.png
688388,train,688388_sat.jpg,688388_mask.png
247275,train,247275_sat.jpg,247275_mask.png
583564,train,583564_sat.jpg,583564_mask.png
976894,train,976894_sat.jpg,976894_mask.png
194424,train,194424_sat.jpg,194424_mask.png
732011,train,732011_sat.jpg,732011_mask.png
831505,train,831505_sat.jpg,831505_mask.png
769360,train,769360_sat.jpg,769360_mask.png
428684,train,428684_sat.jpg,428684_mask.png
858077,train,858077_sat.jpg,858077_mask.png
550136,train,550136_sat.jpg,550136_mask.png
686523,train,686523_sat.jpg,686523_mask.png
399518,train,399518_sat.jpg,399518_mask.png
641148,train,641148_sat.jpg,641148_mask.png
378296,train,378296_sat.jpg,378296_mask.png
298351,train,298351_sat.jpg,298351_mask.png
929203,train,929203_sat.jpg,929203_mask.png
234448,train,234448_sat.jpg,234448_mask.png
919988,train,919988_sat.jpg,919988_mask.png
183250,train,183250_sat.jpg,183250_mask.png
305439,train,305439_sat.jpg,305439_mask.png
499198,train,499198_sat.jpg,499198_mask.png
472590,train,472590_sat.jpg,472590_mask.png
370328,train,370328_sat.jpg,370328_mask.png
491350,train,491350_sat.jpg,491350_mask.png
389555,train,389555_sat.jpg,389555_mask.png
427715,train,427715_sat.jpg,427715_mask.png
367591,train,367591_sat.jpg,367591_mask.png
334908,train,334908_sat.jpg,334908_mask.png
241728,train,241728_sat.jpg,241728_mask.png
960471,train,960471_sat.jpg,960471_mask.png
399543,train,399543_sat.jpg,399543_mask.png
874009,train,874009_sat.jpg,874009_mask.png
780044,train,780044_sat.jpg,780044_mask.png
903875,train,903875_sat.jpg,903875_mask.png
993822,train,993822_sat.jpg,993822_mask.png
224547,train,224547_sat.jpg,224547_mask.png
597231,train,597231_sat.jpg,597231_mask.png
188596,train,188596_sat.jpg,188596_mask.png
41026,train,41026_sat.jpg,41026_mask.png
88650,train,88650_sat.jpg,88650_mask.png
6415,train,6415_sat.jpg,6415_mask.png
86663,train,86663_sat.jpg,86663_mask.png
32501,train,32501_sat.jpg,32501_mask.png
906049,train,906049_sat.jpg,906049_mask.png
68561,train,68561_sat.jpg,68561_mask.png
385965,train,385965_sat.jpg,385965_mask.png
256264,train,256264_sat.jpg,256264_mask.png
354066,train,354066_sat.jpg,354066_mask.png
960372,train,960372_sat.jpg,960372_mask.png
286902,train,286902_sat.jpg,286902_mask.png
844366,train,844366_sat.jpg,844366_mask.png
752005,train,752005_sat.jpg,752005_mask.png
950061,train,950061_sat.jpg,950061_mask.png
361007,train,361007_sat.jpg,361007_mask.png
856477,train,856477_sat.jpg,856477_mask.png
248659,train,248659_sat.jpg,248659_mask.png
241467,train,241467_sat.jpg,241467_mask.png
292761,train,292761_sat.jpg,292761_mask.png
976451,train,976451_sat.jpg,976451_mask.png
172349,train,172349_sat.jpg,172349_mask.png
499763,train,499763_sat.jpg,499763_mask.png
833377,train,833377_sat.jpg,833377_mask.png
335676,train,335676_sat.jpg,335676_mask.png
933045,train,933045_sat.jpg,933045_mask.png
862459,train,862459_sat.jpg,862459_mask.png
460210,train,460210_sat.jpg,460210_mask.png
670783,train,670783_sat.jpg,670783_mask.png
754670,train,754670_sat.jpg,754670_mask.png
664887,train,664887_sat.jpg,664887_mask.png
298428,train,298428_sat.jpg,298428_mask.png
21009,train,21009_sat.jpg,21009_mask.png
883059,train,883059_sat.jpg,883059_mask.png
631538,train,631538_sat.jpg,631538_mask.png
227624,train,227624_sat.jpg,227624_mask.png
523589,train,523589_sat.jpg,523589_mask.png
267139,train,267139_sat.jpg,267139_mask.png
245056,train,245056_sat.jpg,245056_mask.png
294813,train,294813_sat.jpg,294813_mask.png
182364,train,182364_sat.jpg,182364_mask.png
261077,train,261077_sat.jpg,261077_mask.png
266065,train,266065_sat.jpg,266065_mask.png
968835,train,968835_sat.jpg,968835_mask.png
759607,train,759607_sat.jpg,759607_mask.png
421746,train,421746_sat.jpg,421746_mask.png
824574,train,824574_sat.jpg,824574_mask.png
586090,train,586090_sat.jpg,586090_mask.png
522174,train,522174_sat.jpg,522174_mask.png
108504,train,108504_sat.jpg,108504_mask.png
567935,train,567935_sat.jpg,567935_mask.png
413047,train,413047_sat.jpg,413047_mask.png
375461,train,375461_sat.jpg,375461_mask.png
663404,train,663404_sat.jpg,663404_mask.png
988774,train,988774_sat.jpg,988774_mask.png
623685,train,623685_sat.jpg,623685_mask.png
499987,train,499987_sat.jpg,499987_mask.png
920799,train,920799_sat.jpg,920799_mask.png
875701,train,875701_sat.jpg,875701_mask.png
257715,train,257715_sat.jpg,257715_mask.png
772077,train,772077_sat.jpg,772077_mask.png
923781,train,923781_sat.jpg,923781_mask.png
611707,train,611707_sat.jpg,611707_mask.png
867944,train,867944_sat.jpg,867944_mask.png
941458,train,941458_sat.jpg,941458_mask.png
859520,train,859520_sat.jpg,859520_mask.png
474849,train,474849_sat.jpg,474849_mask.png
819027,train,819027_sat.jpg,819027_mask.png
642408,train,642408_sat.jpg,642408_mask.png
839233,train,839233_sat.jpg,839233_mask.png
237387,train,237387_sat.jpg,237387_mask.png
257748,train,257748_sat.jpg,257748_mask.png
129117,train,129117_sat.jpg,129117_mask.png
678766,train,678766_sat.jpg,678766_mask.png
71574,train,71574_sat.jpg,71574_mask.png
398701,train,398701_sat.jpg,398701_mask.png
420774,train,420774_sat.jpg,420774_mask.png
670062,train,670062_sat.jpg,670062_mask.png
978201,train,978201_sat.jpg,978201_mask.png
388957,train,388957_sat.jpg,388957_mask.png
717181,train,717181_sat.jpg,717181_mask.png
311390,train,311390_sat.jpg,311390_mask.png
784397,train,784397_sat.jpg,784397_mask.png
817076,train,817076_sat.jpg,817076_mask.png
134695,train,134695_sat.jpg,134695_mask.png
24760,train,24760_sat.jpg,24760_mask.png
468054,train,468054_sat.jpg,468054_mask.png
37426,train,37426_sat.jpg,37426_mask.png
726148,train,726148_sat.jpg,726148_mask.png
90197,train,90197_sat.jpg,90197_mask.png
300633,train,300633_sat.jpg,300633_mask.png
409301,train,409301_sat.jpg,409301_mask.png
202688,train,202688_sat.jpg,202688_mask.png
2647,train,2647_sat.jpg,2647_mask.png
571809,train,571809_sat.jpg,571809_mask.png
260354,train,260354_sat.jpg,260354_mask.png
712728,train,712728_sat.jpg,712728_mask.png
354263,train,354263_sat.jpg,354263_mask.png
475265,train,475265_sat.jpg,475265_mask.png
539996,train,539996_sat.jpg,539996_mask.png
860545,train,860545_sat.jpg,860545_mask.png
769940,train,769940_sat.jpg,769940_mask.png
600147,train,600147_sat.jpg,600147_mask.png
337004,train,337004_sat.jpg,337004_mask.png
251044,train,251044_sat.jpg,251044_mask.png
84529,train,84529_sat.jpg,84529_mask.png
421486,train,421486_sat.jpg,421486_mask.png
68562,train,68562_sat.jpg,68562_mask.png
989480,train,989480_sat.jpg,989480_mask.png
147858,train,147858_sat.jpg,147858_mask.png
476597,train,476597_sat.jpg,476597_mask.png
42511,train,42511_sat.jpg,42511_mask.png
954085,train,954085_sat.jpg,954085_mask.png
7372,train,7372_sat.jpg,7372_mask.png
462303,train,462303_sat.jpg,462303_mask.png
301560,train,301560_sat.jpg,301560_mask.png
250891,train,250891_sat.jpg,250891_mask.png
407490,train,407490_sat.jpg,407490_mask.png
524792,train,524792_sat.jpg,524792_mask.png
548282,train,548282_sat.jpg,548282_mask.png
964590,train,964590_sat.jpg,964590_mask.png
35029,train,35029_sat.jpg,35029_mask.png
979028,train,979028_sat.jpg,979028_mask.png
702777,train,702777_sat.jpg,702777_mask.png
302926,train,302926_sat.jpg,302926_mask.png
659140,train,659140_sat.jpg,659140_mask.png
459067,train,459067_sat.jpg,459067_mask.png
664405,train,664405_sat.jpg,664405_mask.png
22856,train,22856_sat.jpg,22856_mask.png
758828,train,758828_sat.jpg,758828_mask.png
767454,train,767454_sat.jpg,767454_mask.png
313083,train,313083_sat.jpg,313083_mask.png
940260,train,940260_sat.jpg,940260_mask.png
373615,train,373615_sat.jpg,373615_mask.png
168428,train,168428_sat.jpg,168428_mask.png
936269,train,936269_sat.jpg,936269_mask.png
94157,train,94157_sat.jpg,94157_mask.png
994363,train,994363_sat.jpg,994363_mask.png
723722,train,723722_sat.jpg,723722_mask.png
622812,train,622812_sat.jpg,622812_mask.png
567642,train,567642_sat.jpg,567642_mask.png
155010,train,155010_sat.jpg,155010_mask.png
409835,train,409835_sat.jpg,409835_mask.png
266306,train,266306_sat.jpg,266306_mask.png
823183,train,823183_sat.jpg,823183_mask.png
559771,train,559771_sat.jpg,559771_mask.png
815240,train,815240_sat.jpg,815240_mask.png
59340,train,59340_sat.jpg,59340_mask.png
407077,train,407077_sat.jpg,407077_mask.png
360450,train,360450_sat.jpg,360450_mask.png
253704,train,253704_sat.jpg,253704_mask.png
451135,train,451135_sat.jpg,451135_mask.png
103627,train,103627_sat.jpg,103627_mask.png
394496,train,394496_sat.jpg,394496_mask.png
336261,train,336261_sat.jpg,336261_mask.png
665540,train,665540_sat.jpg,665540_mask.png
910912,train,910912_sat.jpg,910912_mask.png
489313,train,489313_sat.jpg,489313_mask.png
298555,train,298555_sat.jpg,298555_mask.png
827984,train,827984_sat.jpg,827984_mask.png
451987,train,451987_sat.jpg,451987_mask.png
431113,train,431113_sat.jpg,431113_mask.png
170331,train,170331_sat.jpg,170331_mask.png
255668,train,255668_sat.jpg,255668_mask.png
113252,train,113252_sat.jpg,113252_mask.png
303084,train,303084_sat.jpg,303084_mask.png
681141,train,681141_sat.jpg,681141_mask.png
625092,train,625092_sat.jpg,625092_mask.png
864958,train,864958_sat.jpg,864958_mask.png
143358,train,143358_sat.jpg,143358_mask.png
453800,train,453800_sat.jpg,453800_mask.png
170531,train,170531_sat.jpg,170531_mask.png
132803,train,132803_sat.jpg,132803_mask.png
469345,train,469345_sat.jpg,469345_mask.png
644027,train,644027_sat.jpg,644027_mask.png
604913,train,604913_sat.jpg,604913_mask.png
514171,train,514171_sat.jpg,514171_mask.png
46714,train,46714_sat.jpg,46714_mask.png
297868,train,297868_sat.jpg,297868_mask.png
136313,train,136313_sat.jpg,136313_mask.png
697216,train,697216_sat.jpg,697216_mask.png
188297,train,188297_sat.jpg,188297_mask.png
887947,train,887947_sat.jpg,887947_mask.png
420849,train,420849_sat.jpg,420849_mask.png
827587,train,827587_sat.jpg,827587_mask.png
425224,train,425224_sat.jpg,425224_mask.png
199062,train,199062_sat.jpg,199062_mask.png
993512,train,993512_sat.jpg,993512_mask.png
425305,train,425305_sat.jpg,425305_mask.png
592967,train,592967_sat.jpg,592967_mask.png
944024,train,944024_sat.jpg,944024_mask.png
743078,train,743078_sat.jpg,743078_mask.png
899722,train,899722_sat.jpg,899722_mask.png
669564,train,669564_sat.jpg,669564_mask.png
919039,train,919039_sat.jpg,919039_mask.png
596772,train,596772_sat.jpg,596772_mask.png
645125,train,645125_sat.jpg,645125_mask.png
613973,train,613973_sat.jpg,613973_mask.png
524918,train,524918_sat.jpg,524918_mask.png
957825,train,957825_sat.jpg,957825_mask.png
215380,train,215380_sat.jpg,215380_mask.png
46214,train,46214_sat.jpg,46214_mask.png
761239,train,761239_sat.jpg,761239_mask.png
742880,train,742880_sat.jpg,742880_mask.png
766889,train,766889_sat.jpg,766889_mask.png
753390,train,753390_sat.jpg,753390_mask.png
889073,train,889073_sat.jpg,889073_mask.png
886412,train,886412_sat.jpg,886412_mask.png
966260,train,966260_sat.jpg,966260_mask.png
201520,train,201520_sat.jpg,201520_mask.png
654250,train,654250_sat.jpg,654250_mask.png
643427,train,643427_sat.jpg,643427_mask.png
566463,train,566463_sat.jpg,566463_mask.png
348983,train,348983_sat.jpg,348983_mask.png
385247,train,385247_sat.jpg,385247_mask.png
789897,train,789897_sat.jpg,789897_mask.png
503385,train,503385_sat.jpg,503385_mask.png
627512,train,627512_sat.jpg,627512_mask.png
531060,train,531060_sat.jpg,531060_mask.png
408495,train,408495_sat.jpg,408495_mask.png
779169,train,779169_sat.jpg,779169_mask.png
363067,train,363067_sat.jpg,363067_mask.png
174757,train,174757_sat.jpg,174757_mask.png
341944,train,341944_sat.jpg,341944_mask.png
4163,train,4163_sat.jpg,4163_mask.png
597397,train,597397_sat.jpg,597397_mask.png
750897,train,750897_sat.jpg,750897_mask.png
430332,train,430332_sat.jpg,430332_mask.png
216023,train,216023_sat.jpg,216023_mask.png
17989,train,17989_sat.jpg,17989_mask.png
180165,train,180165_sat.jpg,180165_mask.png
83219,train,83219_sat.jpg,83219_mask.png
519313,train,519313_sat.jpg,519313_mask.png
799613,train,799613_sat.jpg,799613_mask.png
822197,train,822197_sat.jpg,822197_mask.png
442085,train,442085_sat.jpg,442085_mask.png
413095,train,413095_sat.jpg,413095_mask.png
770882,train,770882_sat.jpg,770882_mask.png
215778,train,215778_sat.jpg,215778_mask.png
800556,train,800556_sat.jpg,800556_mask.png
953074,train,953074_sat.jpg,953074_mask.png
314066,train,314066_sat.jpg,314066_mask.png
367358,train,367358_sat.jpg,367358_mask.png
196838,train,196838_sat.jpg,196838_mask.png
764386,train,764386_sat.jpg,764386_mask.png
411674,train,411674_sat.jpg,411674_mask.png
357428,train,357428_sat.jpg,357428_mask.png
156501,train,156501_sat.jpg,156501_mask.png
879415,train,879415_sat.jpg,879415_mask.png
67970,train,67970_sat.jpg,67970_mask.png
118595,train,118595_sat.jpg,118595_mask.png
157077,train,157077_sat.jpg,157077_mask.png
132997,train,132997_sat.jpg,132997_mask.png
41453,train,41453_sat.jpg,41453_mask.png
907388,train,907388_sat.jpg,907388_mask.png
329889,train,329889_sat.jpg,329889_mask.png
511174,train,511174_sat.jpg,511174_mask.png
73867,train,73867_sat.jpg,73867_mask.png
901933,train,901933_sat.jpg,901933_mask.png
619514,train,619514_sat.jpg,619514_mask.png
240062,train,240062_sat.jpg,240062_mask.png
946289,train,946289_sat.jpg,946289_mask.png
457865,train,457865_sat.jpg,457865_mask.png
940985,train,940985_sat.jpg,940985_mask.png
948711,train,948711_sat.jpg,948711_mask.png
787116,train,787116_sat.jpg,787116_mask.png
154811,train,154811_sat.jpg,154811_mask.png
646979,train,646979_sat.jpg,646979_mask.png
706490,train,706490_sat.jpg,706490_mask.png
282949,train,282949_sat.jpg,282949_mask.png
589954,train,589954_sat.jpg,589954_mask.png
719768,train,719768_sat.jpg,719768_mask.png
445320,train,445320_sat.jpg,445320_mask.png
933886,train,933886_sat.jpg,933886_mask.png
627243,train,627243_sat.jpg,627243_mask.png
854962,train,854962_sat.jpg,854962_mask.png
410319,train,410319_sat.jpg,410319_mask.png
703624,train,703624_sat.jpg,703624_mask.png
465492,train,465492_sat.jpg,465492_mask.png
592314,train,592314_sat.jpg,592314_mask.png
390952,train,390952_sat.jpg,390952_mask.png
859325,train,859325_sat.jpg,859325_mask.png
214635,train,214635_sat.jpg,214635_mask.png
287058,train,287058_sat.jpg,287058_mask.png
924937,train,924937_sat.jpg,924937_mask.png
607606,train,607606_sat.jpg,607606_mask.png
947183,train,947183_sat.jpg,947183_mask.png
469319,train,469319_sat.jpg,469319_mask.png
919704,train,919704_sat.jpg,919704_mask.png
301468,train,301468_sat.jpg,301468_mask.png
280694,train,280694_sat.jpg,280694_mask.png
160903,train,160903_sat.jpg,160903_mask.png
166996,train,166996_sat.jpg,166996_mask.png
340335,train,340335_sat.jpg,340335_mask.png
574311,train,574311_sat.jpg,574311_mask.png
155604,train,155604_sat.jpg,155604_mask.png
993412,train,993412_sat.jpg,993412_mask.png
135616,train,135616_sat.jpg,135616_mask.png
860297,train,860297_sat.jpg,860297_mask.png
122817,train,122817_sat.jpg,122817_mask.png
983851,train,983851_sat.jpg,983851_mask.png
539249,train,539249_sat.jpg,539249_mask.png
806060,train,806060_sat.jpg,806060_mask.png
607142,train,607142_sat.jpg,607142_mask.png
162474,train,162474_sat.jpg,162474_mask.png
928916,train,928916_sat.jpg,928916_mask.png
627093,train,627093_sat.jpg,627093_mask.png
595454,train,595454_sat.jpg,595454_mask.png
399058,train,399058_sat.jpg,399058_mask.png
113184,train,113184_sat.jpg,113184_mask.png
609624,train,609624_sat.jpg,609624_mask.png
569971,train,569971_sat.jpg,569971_mask.png
225596,train,225596_sat.jpg,225596_mask.png
250105,train,250105_sat.jpg,250105_mask.png
844758,train,844758_sat.jpg,844758_mask.png
744129,train,744129_sat.jpg,744129_mask.png
692169,train,692169_sat.jpg,692169_mask.png
524829,train,524829_sat.jpg,524829_mask.png
74737,train,74737_sat.jpg,74737_mask.png
474581,train,474581_sat.jpg,474581_mask.png
682429,train,682429_sat.jpg,682429_mask.png
685750,train,685750_sat.jpg,685750_mask.png
226806,train,226806_sat.jpg,226806_mask.png
527316,train,527316_sat.jpg,527316_mask.png
111475,train,111475_sat.jpg,111475_mask.png
525454,train,525454_sat.jpg,525454_mask.png
420072,train,420072_sat.jpg,420072_mask.png
979246,train,979246_sat.jpg,979246_mask.png
919207,train,919207_sat.jpg,919207_mask.png
925315,train,925315_sat.jpg,925315_mask.png
2129,train,2129_sat.jpg,2129_mask.png
812562,train,812562_sat.jpg,812562_mask.png
581725,train,581725_sat.jpg,581725_mask.png
216831,train,216831_sat.jpg,216831_mask.png
424392,train,424392_sat.jpg,424392_mask.png
669233,train,669233_sat.jpg,669233_mask.png
919932,train,919932_sat.jpg,919932_mask.png
731685,train,731685_sat.jpg,731685_mask.png
842450,train,842450_sat.jpg,842450_mask.png
814946,train,814946_sat.jpg,814946_mask.png
619411,train,619411_sat.jpg,619411_mask.png
767261,train,767261_sat.jpg,767261_mask.png
683201,train,683201_sat.jpg,683201_mask.png
408910,train,408910_sat.jpg,408910_mask.png
164801,train,164801_sat.jpg,164801_mask.png
159882,train,159882_sat.jpg,159882_mask.png
764632,train,764632_sat.jpg,764632_mask.png
945833,train,945833_sat.jpg,945833_mask.png
418920,train,418920_sat.jpg,418920_mask.png
116637,train,116637_sat.jpg,116637_mask.png
479791,train,479791_sat.jpg,479791_mask.png
920279,train,920279_sat.jpg,920279_mask.png
662246,train,662246_sat.jpg,662246_mask.png
395265,train,395265_sat.jpg,395265_mask.png
870630,train,870630_sat.jpg,870630_mask.png
600622,train,600622_sat.jpg,600622_mask.png
376720,train,376720_sat.jpg,376720_mask.png
306632,train,306632_sat.jpg,306632_mask.png
743007,train,743007_sat.jpg,743007_mask.png
352630,train,352630_sat.jpg,352630_mask.png
574172,train,574172_sat.jpg,574172_mask.png
210627,train,210627_sat.jpg,210627_mask.png
689630,train,689630_sat.jpg,689630_mask.png
646830,train,646830_sat.jpg,646830_mask.png
956979,train,956979_sat.jpg,956979_mask.png
32578,train,32578_sat.jpg,32578_mask.png
789926,train,789926_sat.jpg,789926_mask.png
347474,train,347474_sat.jpg,347474_mask.png
952186,train,952186_sat.jpg,952186_mask.png
715251,train,715251_sat.jpg,715251_mask.png
906699,train,906699_sat.jpg,906699_mask.png
127924,train,127924_sat.jpg,127924_mask.png
356039,train,356039_sat.jpg,356039_mask.png
435684,train,435684_sat.jpg,435684_mask.png
375532,train,375532_sat.jpg,375532_mask.png
203508,train,203508_sat.jpg,203508_mask.png
448103,train,448103_sat.jpg,448103_mask.png
943435,train,943435_sat.jpg,943435_mask.png
175688,train,175688_sat.jpg,175688_mask.png
794943,train,794943_sat.jpg,794943_mask.png
170898,train,170898_sat.jpg,170898_mask.png
124545,train,124545_sat.jpg,124545_mask.png
870422,train,870422_sat.jpg,870422_mask.png
126492,train,126492_sat.jpg,126492_mask.png
388071,train,388071_sat.jpg,388071_mask.png
958932,train,958932_sat.jpg,958932_mask.png
636333,train,636333_sat.jpg,636333_mask.png
896236,train,896236_sat.jpg,896236_mask.png
461832,train,461832_sat.jpg,461832_mask.png
992343,train,992343_sat.jpg,992343_mask.png
385890,train,385890_sat.jpg,385890_mask.png
421882,train,421882_sat.jpg,421882_mask.png
538961,train,538961_sat.jpg,538961_mask.png
401562,train,401562_sat.jpg,401562_mask.png
231634,train,231634_sat.jpg,231634_mask.png
304923,train,304923_sat.jpg,304923_mask.png
372169,train,372169_sat.jpg,372169_mask.png
655,train,655_sat.jpg,655_mask.png
605602,train,605602_sat.jpg,605602_mask.png
483028,train,483028_sat.jpg,483028_mask.png
80092,train,80092_sat.jpg,80092_mask.png
623125,train,623125_sat.jpg,623125_mask.png
210314,train,210314_sat.jpg,210314_mask.png
426294,train,426294_sat.jpg,426294_mask.png
450024,train,450024_sat.jpg,450024_mask.png
642020,train,642020_sat.jpg,642020_mask.png
674679,train,674679_sat.jpg,674679_mask.png
831346,train,831346_sat.jpg,831346_mask.png
276557,train,276557_sat.jpg,276557_mask.png
177575,train,177575_sat.jpg,177575_mask.png
629812,train,629812_sat.jpg,629812_mask.png
841608,train,841608_sat.jpg,841608_mask.png
674155,train,674155_sat.jpg,674155_mask.png
351913,train,351913_sat.jpg,351913_mask.png
910259,train,910259_sat.jpg,910259_mask.png
319229,train,319229_sat.jpg,319229_mask.png
530632,train,530632_sat.jpg,530632_mask.png
771348,train,771348_sat.jpg,771348_mask.png
412501,train,412501_sat.jpg,412501_mask.png
465407,train,465407_sat.jpg,465407_mask.png
687396,train,687396_sat.jpg,687396_mask.png
392105,train,392105_sat.jpg,392105_mask.png
214053,train,214053_sat.jpg,214053_mask.png
974158,train,974158_sat.jpg,974158_mask.png
638100,train,638100_sat.jpg,638100_mask.png
627858,train,627858_sat.jpg,627858_mask.png
313276,train,313276_sat.jpg,313276_mask.png
547926,train,547926_sat.jpg,547926_mask.png
636021,train,636021_sat.jpg,636021_mask.png
972206,train,972206_sat.jpg,972206_mask.png
164642,train,164642_sat.jpg,164642_mask.png
119120,train,119120_sat.jpg,119120_mask.png
842844,train,842844_sat.jpg,842844_mask.png
676161,train,676161_sat.jpg,676161_mask.png
573365,train,573365_sat.jpg,573365_mask.png
222405,train,222405_sat.jpg,222405_mask.png
300567,train,300567_sat.jpg,300567_mask.png
299005,train,299005_sat.jpg,299005_mask.png
406601,train,406601_sat.jpg,406601_mask.png
897944,train,897944_sat.jpg,897944_mask.png
323533,train,323533_sat.jpg,323533_mask.png
334513,train,334513_sat.jpg,334513_mask.png
357219,train,357219_sat.jpg,357219_mask.png
577610,train,577610_sat.jpg,577610_mask.png
961236,train,961236_sat.jpg,961236_mask.png
89597,train,89597_sat.jpg,89597_mask.png
161175,train,161175_sat.jpg,161175_mask.png
55062,train,55062_sat.jpg,55062_mask.png
429369,train,429369_sat.jpg,429369_mask.png
229703,train,229703_sat.jpg,229703_mask.png
607807,train,607807_sat.jpg,607807_mask.png
995287,train,995287_sat.jpg,995287_mask.png
2730,train,2730_sat.jpg,2730_mask.png
296505,train,296505_sat.jpg,296505_mask.png
890836,train,890836_sat.jpg,890836_mask.png
915429,train,915429_sat.jpg,915429_mask.png
70749,train,70749_sat.jpg,70749_mask.png
40436,train,40436_sat.jpg,40436_mask.png
243471,train,243471_sat.jpg,243471_mask.png
169837,train,169837_sat.jpg,169837_mask.png
310668,train,310668_sat.jpg,310668_mask.png
25773,train,25773_sat.jpg,25773_mask.png
377740,train,377740_sat.jpg,377740_mask.png
867087,train,867087_sat.jpg,867087_mask.png
201854,train,201854_sat.jpg,201854_mask.png
807206,train,807206_sat.jpg,807206_mask.png
446852,train,446852_sat.jpg,446852_mask.png
195106,train,195106_sat.jpg,195106_mask.png
441048,train,441048_sat.jpg,441048_mask.png
501578,train,501578_sat.jpg,501578_mask.png
378071,train,378071_sat.jpg,378071_mask.png
604916,train,604916_sat.jpg,604916_mask.png
69479,train,69479_sat.jpg,69479_mask.png
534866,train,534866_sat.jpg,534866_mask.png
870215,train,870215_sat.jpg,870215_mask.png
767537,train,767537_sat.jpg,767537_mask.png
484650,train,484650_sat.jpg,484650_mask.png
258578,train,258578_sat.jpg,258578_mask.png
982331,train,982331_sat.jpg,982331_mask.png
952401,train,952401_sat.jpg,952401_mask.png
714640,train,714640_sat.jpg,714640_mask.png
367457,train,367457_sat.jpg,367457_mask.png
769960,train,769960_sat.jpg,769960_mask.png
159619,train,159619_sat.jpg,159619_mask.png
455462,train,455462_sat.jpg,455462_mask.png
363269,train,363269_sat.jpg,363269_mask.png
531722,train,531722_sat.jpg,531722_mask.png
710935,train,710935_sat.jpg,710935_mask.png
614192,train,614192_sat.jpg,614192_mask.png
22560,train,22560_sat.jpg,22560_mask.png
182381,train,182381_sat.jpg,182381_mask.png
63042,train,63042_sat.jpg,63042_mask.png
113,train,113_sat.jpg,113_mask.png
625150,train,625150_sat.jpg,625150_mask.png
942278,train,942278_sat.jpg,942278_mask.png
652552,train,652552_sat.jpg,652552_mask.png
695415,train,695415_sat.jpg,695415_mask.png
38122,train,38122_sat.jpg,38122_mask.png
566479,train,566479_sat.jpg,566479_mask.png
862906,train,862906_sat.jpg,862906_mask.png
550549,train,550549_sat.jpg,550549_mask.png
9433,train,9433_sat.jpg,9433_mask.png
711711,train,711711_sat.jpg,711711_mask.png
749641,train,749641_sat.jpg,749641_mask.png
522498,train,522498_sat.jpg,522498_mask.png
596572,train,596572_sat.jpg,596572_mask.png
460609,train,460609_sat.jpg,460609_mask.png
712551,train,712551_sat.jpg,712551_mask.png
340497,train,340497_sat.jpg,340497_mask.png
252685,train,252685_sat.jpg,252685_mask.png
520367,train,520367_sat.jpg,520367_mask.png
379003,train,379003_sat.jpg,379003_mask.png
460844,train,460844_sat.jpg,460844_mask.png
756844,train,756844_sat.jpg,756844_mask.png
928777,train,928777_sat.jpg,928777_mask.png
857277,train,857277_sat.jpg,857277_mask.png
136539,train,136539_sat.jpg,136539_mask.png
266201,train,266201_sat.jpg,266201_mask.png
839707,train,839707_sat.jpg,839707_mask.png
923591,train,923591_sat.jpg,923591_mask.png
768224,train,768224_sat.jpg,768224_mask.png
523891,train,523891_sat.jpg,523891_mask.png
905767,train,905767_sat.jpg,905767_mask.png
659638,train,659638_sat.jpg,659638_mask.png
548420,train,548420_sat.jpg,548420_mask.png
897784,train,897784_sat.jpg,897784_mask.png
684603,train,684603_sat.jpg,684603_mask.png
866513,train,866513_sat.jpg,866513_mask.png
56456,train,56456_sat.jpg,56456_mask.png
360221,train,360221_sat.jpg,360221_mask.png
187892,train,187892_sat.jpg,187892_mask.png
487073,train,487073_sat.jpg,487073_mask.png
1849,train,1849_sat.jpg,1849_mask.png
801398,train,801398_sat.jpg,801398_mask.png
137803,train,137803_sat.jpg,137803_mask.png
953228,train,953228_sat.jpg,953228_mask.png
162405,train,162405_sat.jpg,162405_mask.png
304690,train,304690_sat.jpg,304690_mask.png
140235,train,140235_sat.jpg,140235_mask.png
989146,train,989146_sat.jpg,989146_mask.png
34194,train,34194_sat.jpg,34194_mask.png
346939,train,346939_sat.jpg,346939_mask.png
455694,train,455694_sat.jpg,455694_mask.png
698428,train,698428_sat.jpg,698428_mask.png
152497,train,152497_sat.jpg,152497_mask.png
719952,train,719952_sat.jpg,719952_mask.png
328239,train,328239_sat.jpg,328239_mask.png
630794,train,630794_sat.jpg,630794_mask.png
991373,train,991373_sat.jpg,991373_mask.png
49425,train,49425_sat.jpg,49425_mask.png
31582,train,31582_sat.jpg,31582_mask.png
764015,train,764015_sat.jpg,764015_mask.png
89326,train,89326_sat.jpg,89326_mask.png
931721,train,931721_sat.jpg,931721_mask.png
352363,train,352363_sat.jpg,352363_mask.png
680398,train,680398_sat.jpg,680398_mask.png
80758,train,80758_sat.jpg,80758_mask.png
825884,train,825884_sat.jpg,825884_mask.png
938344,train,938344_sat.jpg,938344_mask.png
155238,train,155238_sat.jpg,155238_mask.png
990181,train,990181_sat.jpg,990181_mask.png
905209,train,905209_sat.jpg,905209_mask.png
81539,train,81539_sat.jpg,81539_mask.png
928942,train,928942_sat.jpg,928942_mask.png
464073,train,464073_sat.jpg,464073_mask.png
722038,train,722038_sat.jpg,722038_mask.png
922188,train,922188_sat.jpg,922188_mask.png
538884,train,538884_sat.jpg,538884_mask.png
927015,train,927015_sat.jpg,927015_mask.png
400649,train,400649_sat.jpg,400649_mask.png
193878,train,193878_sat.jpg,193878_mask.png
455255,train,455255_sat.jpg,455255_mask.png
479232,train,479232_sat.jpg,479232_mask.png
95440,train,95440_sat.jpg,95440_mask.png
947964,train,947964_sat.jpg,947964_mask.png
731856,train,731856_sat.jpg,731856_mask.png
432787,train,432787_sat.jpg,432787_mask.png
782938,train,782938_sat.jpg,782938_mask.png
616672,train,616672_sat.jpg,616672_mask.png
653990,train,653990_sat.jpg,653990_mask.png
705390,train,705390_sat.jpg,705390_mask.png
311544,train,311544_sat.jpg,311544_mask.png
442708,train,442708_sat.jpg,442708_mask.png
652681,train,652681_sat.jpg,652681_mask.png
280425,train,280425_sat.jpg,280425_mask.png
478332,train,478332_sat.jpg,478332_mask.png
50045,train,50045_sat.jpg,50045_mask.png
965378,train,965378_sat.jpg,965378_mask.png
813464,train,813464_sat.jpg,813464_mask.png
696333,train,696333_sat.jpg,696333_mask.png
890291,train,890291_sat.jpg,890291_mask.png
535597,train,535597_sat.jpg,535597_mask.png
862842,train,862842_sat.jpg,862842_mask.png
990478,train,990478_sat.jpg,990478_mask.png
347596,train,347596_sat.jpg,347596_mask.png
501109,train,501109_sat.jpg,501109_mask.png
779400,train,779400_sat.jpg,779400_mask.png
45271,train,45271_sat.jpg,45271_mask.png
46459,train,46459_sat.jpg,46459_mask.png
853660,train,853660_sat.jpg,853660_mask.png
883864,train,883864_sat.jpg,883864_mask.png
204654,train,204654_sat.jpg,204654_mask.png
53349,train,53349_sat.jpg,53349_mask.png
861243,train,861243_sat.jpg,861243_mask.png
779878,train,779878_sat.jpg,779878_mask.png
110680,train,110680_sat.jpg,110680_mask.png
938699,train,938699_sat.jpg,938699_mask.png
274547,train,274547_sat.jpg,274547_mask.png
471960,train,471960_sat.jpg,471960_mask.png
265006,train,265006_sat.jpg,265006_mask.png
281530,train,281530_sat.jpg,281530_mask.png
900887,train,900887_sat.jpg,900887_mask.png
83827,train,83827_sat.jpg,83827_mask.png
581284,train,581284_sat.jpg,581284_mask.png
675455,train,675455_sat.jpg,675455_mask.png
323729,train,323729_sat.jpg,323729_mask.png
657360,train,657360_sat.jpg,657360_mask.png
631211,train,631211_sat.jpg,631211_mask.png
295155,train,295155_sat.jpg,295155_mask.png
997873,train,997873_sat.jpg,997873_mask.png
167451,train,167451_sat.jpg,167451_mask.png
261263,train,261263_sat.jpg,261263_mask.png
475480,train,475480_sat.jpg,475480_mask.png
726557,train,726557_sat.jpg,726557_mask.png
196685,train,196685_sat.jpg,196685_mask.png
318886,train,318886_sat.jpg,318886_mask.png
777018,train,777018_sat.jpg,777018_mask.png
779811,train,779811_sat.jpg,779811_mask.png
504758,train,504758_sat.jpg,504758_mask.png
601618,train,601618_sat.jpg,601618_mask.png
757028,train,757028_sat.jpg,757028_mask.png
19338,train,19338_sat.jpg,19338_mask.png
282992,train,282992_sat.jpg,282992_mask.png
709593,train,709593_sat.jpg,709593_mask.png
173654,train,173654_sat.jpg,173654_mask.png
325166,train,325166_sat.jpg,325166_mask.png
306987,train,306987_sat.jpg,306987_mask.png
532161,train,532161_sat.jpg,532161_mask.png
785870,train,785870_sat.jpg,785870_mask.png
570163,train,570163_sat.jpg,570163_mask.png
625448,train,625448_sat.jpg,625448_mask.png
695186,train,695186_sat.jpg,695186_mask.png
726271,train,726271_sat.jpg,726271_mask.png
563983,train,563983_sat.jpg,563983_mask.png
256474,train,256474_sat.jpg,256474_mask.png
474998,train,474998_sat.jpg,474998_mask.png
337461,train,337461_sat.jpg,337461_mask.png
44658,train,44658_sat.jpg,44658_mask.png
854119,train,854119_sat.jpg,854119_mask.png
540725,train,540725_sat.jpg,540725_mask.png
669142,train,669142_sat.jpg,669142_mask.png
899805,train,899805_sat.jpg,899805_mask.png
949798,train,949798_sat.jpg,949798_mask.png
733110,train,733110_sat.jpg,733110_mask.png
963805,train,963805_sat.jpg,963805_mask.png
300983,train,300983_sat.jpg,300983_mask.png
362406,train,362406_sat.jpg,362406_mask.png
357382,train,357382_sat.jpg,357382_mask.png
665729,train,665729_sat.jpg,665729_mask.png
308872,train,308872_sat.jpg,308872_mask.png
105428,train,105428_sat.jpg,105428_mask.png
167806,train,167806_sat.jpg,167806_mask.png
436153,train,436153_sat.jpg,436153_mask.png
622799,train,622799_sat.jpg,622799_mask.png
555777,train,555777_sat.jpg,555777_mask.png
287479,train,287479_sat.jpg,287479_mask.png
760170,train,760170_sat.jpg,760170_mask.png
590949,train,590949_sat.jpg,590949_mask.png
405292,train,405292_sat.jpg,405292_mask.png
47541,train,47541_sat.jpg,47541_mask.png
676239,train,676239_sat.jpg,676239_mask.png
965750,train,965750_sat.jpg,965750_mask.png
34100,train,34100_sat.jpg,34100_mask.png
770001,train,770001_sat.jpg,770001_mask.png
342627,train,342627_sat.jpg,342627_mask.png
758397,train,758397_sat.jpg,758397_mask.png
815113,train,815113_sat.jpg,815113_mask.png
620186,train,620186_sat.jpg,620186_mask.png
156551,train,156551_sat.jpg,156551_mask.png
785117,train,785117_sat.jpg,785117_mask.png
121860,train,121860_sat.jpg,121860_mask.png
935429,train,935429_sat.jpg,935429_mask.png
834966,train,834966_sat.jpg,834966_mask.png
206358,train,206358_sat.jpg,206358_mask.png
557532,train,557532_sat.jpg,557532_mask.png
887850,train,887850_sat.jpg,887850_mask.png
798468,train,798468_sat.jpg,798468_mask.png
162428,train,162428_sat.jpg,162428_mask.png
103341,train,103341_sat.jpg,103341_mask.png
246455,train,246455_sat.jpg,246455_mask.png
444094,train,444094_sat.jpg,444094_mask.png
462244,train,462244_sat.jpg,462244_mask.png
440968,train,440968_sat.jpg,440968_mask.png
820820,train,820820_sat.jpg,820820_mask.png
106147,train,106147_sat.jpg,106147_mask.png
502218,train,502218_sat.jpg,502218_mask.png
583858,train,583858_sat.jpg,583858_mask.png
529743,train,529743_sat.jpg,529743_mask.png
583499,train,583499_sat.jpg,583499_mask.png
101395,train,101395_sat.jpg,101395_mask.png
273053,train,273053_sat.jpg,273053_mask.png
376257,train,376257_sat.jpg,376257_mask.png
456361,train,456361_sat.jpg,456361_mask.png
507376,train,507376_sat.jpg,507376_mask.png
651504,train,651504_sat.jpg,651504_mask.png
249549,train,249549_sat.jpg,249549_mask.png
649332,train,649332_sat.jpg,649332_mask.png
524879,train,524879_sat.jpg,524879_mask.png
239988,train,239988_sat.jpg,239988_mask.png
511871,train,511871_sat.jpg,511871_mask.png
528828,train,528828_sat.jpg,528828_mask.png
578692,train,578692_sat.jpg,578692_mask.png
785843,train,785843_sat.jpg,785843_mask.png
209322,train,209322_sat.jpg,209322_mask.png
304241,train,304241_sat.jpg,304241_mask.png
508970,train,508970_sat.jpg,508970_mask.png
670413,train,670413_sat.jpg,670413_mask.png
233751,train,233751_sat.jpg,233751_mask.png
846289,train,846289_sat.jpg,846289_mask.png
687265,train,687265_sat.jpg,687265_mask.png
929061,train,929061_sat.jpg,929061_mask.png
800325,train,800325_sat.jpg,800325_mask.png
49320,train,49320_sat.jpg,49320_mask.png
331266,train,331266_sat.jpg,331266_mask.png
950717,train,950717_sat.jpg,950717_mask.png
222583,train,222583_sat.jpg,222583_mask.png
297846,train,297846_sat.jpg,297846_mask.png
6294,train,6294_sat.jpg,6294_mask.png
952134,train,952134_sat.jpg,952134_mask.png
2262,train,2262_sat.jpg,2262_mask.png
245661,train,245661_sat.jpg,245661_mask.png
762023,train,762023_sat.jpg,762023_mask.png
690021,train,690021_sat.jpg,690021_mask.png
33389,train,33389_sat.jpg,33389_mask.png
339359,train,339359_sat.jpg,339359_mask.png
554895,train,554895_sat.jpg,554895_mask.png
778053,train,778053_sat.jpg,778053_mask.png
295447,train,295447_sat.jpg,295447_mask.png
800005,train,800005_sat.jpg,800005_mask.png
56468,train,56468_sat.jpg,56468_mask.png
725359,train,725359_sat.jpg,725359_mask.png
785363,train,785363_sat.jpg,785363_mask.png
564885,train,564885_sat.jpg,564885_mask.png
8317,train,8317_sat.jpg,8317_mask.png
203675,train,203675_sat.jpg,203675_mask.png
815402,train,815402_sat.jpg,815402_mask.png
573331,train,573331_sat.jpg,573331_mask.png
62464,train,62464_sat.jpg,62464_mask.png
443588,train,443588_sat.jpg,443588_mask.png
292950,train,292950_sat.jpg,292950_mask.png
935019,train,935019_sat.jpg,935019_mask.png
833540,train,833540_sat.jpg,833540_mask.png
847583,train,847583_sat.jpg,847583_mask.png
243981,train,243981_sat.jpg,243981_mask.png
912086,train,912086_sat.jpg,912086_mask.png
86696,train,86696_sat.jpg,86696_mask.png
840706,train,840706_sat.jpg,840706_mask.png
682069,train,682069_sat.jpg,682069_mask.png
599143,train,599143_sat.jpg,599143_mask.png
452636,train,452636_sat.jpg,452636_mask.png
652680,train,652680_sat.jpg,652680_mask.png
275185,train,275185_sat.jpg,275185_mask.png
700971,train,700971_sat.jpg,700971_mask.png
315115,train,315115_sat.jpg,315115_mask.png
3573,train,3573_sat.jpg,3573_mask.png
248171,train,248171_sat.jpg,248171_mask.png
120056,train,120056_sat.jpg,120056_mask.png
297515,train,297515_sat.jpg,297515_mask.png
786084,train,786084_sat.jpg,786084_mask.png
230408,train,230408_sat.jpg,230408_mask.png
495744,train,495744_sat.jpg,495744_mask.png
933459,train,933459_sat.jpg,933459_mask.png
95245,train,95245_sat.jpg,95245_mask.png
907185,train,907185_sat.jpg,907185_mask.png
566788,train,566788_sat.jpg,566788_mask.png
276604,train,276604_sat.jpg,276604_mask.png
652168,train,652168_sat.jpg,652168_mask.png
902537,train,902537_sat.jpg,902537_mask.png
683814,train,683814_sat.jpg,683814_mask.png
864357,train,864357_sat.jpg,864357_mask.png
281344,train,281344_sat.jpg,281344_mask.png
425757,train,425757_sat.jpg,425757_mask.png
48890,train,48890_sat.jpg,48890_mask.png
142129,train,142129_sat.jpg,142129_mask.png
250888,train,250888_sat.jpg,250888_mask.png
279862,train,279862_sat.jpg,279862_mask.png
247257,train,247257_sat.jpg,247257_mask.png
645554,train,645554_sat.jpg,645554_mask.png
461165,train,461165_sat.jpg,461165_mask.png
716115,train,716115_sat.jpg,716115_mask.png
25459,train,25459_sat.jpg,25459_mask.png
953595,train,953595_sat.jpg,953595_mask.png
143345,train,143345_sat.jpg,143345_mask.png
252025,train,252025_sat.jpg,252025_mask.png
291105,train,291105_sat.jpg,291105_mask.png
241269,train,241269_sat.jpg,241269_mask.png
439174,train,439174_sat.jpg,439174_mask.png
816528,train,816528_sat.jpg,816528_mask.png
375508,train,375508_sat.jpg,375508_mask.png
739465,train,739465_sat.jpg,739465_mask.png
28606,train,28606_sat.jpg,28606_mask.png
191988,train,191988_sat.jpg,191988_mask.png
748093,train,748093_sat.jpg,748093_mask.png
348118,train,348118_sat.jpg,348118_mask.png
299410,train,299410_sat.jpg,299410_mask.png
828875,train,828875_sat.jpg,828875_mask.png
323909,train,323909_sat.jpg,323909_mask.png
336648,train,336648_sat.jpg,336648_mask.png
608001,train,608001_sat.jpg,608001_mask.png
435505,train,435505_sat.jpg,435505_mask.png
41403,train,41403_sat.jpg,41403_mask.png
994957,train,994957_sat.jpg,994957_mask.png
555610,train,555610_sat.jpg,555610_mask.png
558585,train,558585_sat.jpg,558585_mask.png
289959,train,289959_sat.jpg,289959_mask.png
186076,train,186076_sat.jpg,186076_mask.png
436269,train,436269_sat.jpg,436269_mask.png
286522,train,286522_sat.jpg,286522_mask.png
828496,train,828496_sat.jpg,828496_mask.png
839976,train,839976_sat.jpg,839976_mask.png
384422,train,384422_sat.jpg,384422_mask.png
475747,train,475747_sat.jpg,475747_mask.png
141378,train,141378_sat.jpg,141378_mask.png
193360,train,193360_sat.jpg,193360_mask.png
760069,train,760069_sat.jpg,760069_mask.png
538786,train,538786_sat.jpg,538786_mask.png
59675,train,59675_sat.jpg,59675_mask.png
879122,train,879122_sat.jpg,879122_mask.png
730524,train,730524_sat.jpg,730524_mask.png
678881,train,678881_sat.jpg,678881_mask.png
392230,train,392230_sat.jpg,392230_mask.png
724431,train,724431_sat.jpg,724431_mask.png
803852,train,803852_sat.jpg,803852_mask.png
401773,train,401773_sat.jpg,401773_mask.png
104683,train,104683_sat.jpg,104683_mask.png
391538,train,391538_sat.jpg,391538_mask.png
661786,train,661786_sat.jpg,661786_mask.png
908822,train,908822_sat.jpg,908822_mask.png
563058,train,563058_sat.jpg,563058_mask.png
64343,train,64343_sat.jpg,64343_mask.png
120065,train,120065_sat.jpg,120065_mask.png
923843,train,923843_sat.jpg,923843_mask.png
980712,train,980712_sat.jpg,980712_mask.png
10246,train,10246_sat.jpg,10246_mask.png
865731,train,865731_sat.jpg,865731_mask.png
316248,train,316248_sat.jpg,316248_mask.png
436982,train,436982_sat.jpg,436982_mask.png
534274,train,534274_sat.jpg,534274_mask.png
675133,train,675133_sat.jpg,675133_mask.png
434498,train,434498_sat.jpg,434498_mask.png
156960,train,156960_sat.jpg,156960_mask.png
881448,train,881448_sat.jpg,881448_mask.png
866773,train,866773_sat.jpg,866773_mask.png
237383,train,237383_sat.jpg,237383_mask.png
980177,train,980177_sat.jpg,980177_mask.png
40650,train,40650_sat.jpg,40650_mask.png
612254,train,612254_sat.jpg,612254_mask.png
91317,train,91317_sat.jpg,91317_mask.png
852350,train,852350_sat.jpg,852350_mask.png
617069,train,617069_sat.jpg,617069_mask.png
181039,train,181039_sat.jpg,181039_mask.png
629707,train,629707_sat.jpg,629707_mask.png
285789,train,285789_sat.jpg,285789_mask.png
715082,train,715082_sat.jpg,715082_mask.png
299564,train,299564_sat.jpg,299564_mask.png
675479,train,675479_sat.jpg,675479_mask.png
729885,train,729885_sat.jpg,729885_mask.png
357302,train,357302_sat.jpg,357302_mask.png
524062,train,524062_sat.jpg,524062_mask.png
304480,train,304480_sat.jpg,304480_mask.png
767144,train,767144_sat.jpg,767144_mask.png
974256,train,974256_sat.jpg,974256_mask.png
642961,train,642961_sat.jpg,642961_mask.png
286038,train,286038_sat.jpg,286038_mask.png
34523,train,34523_sat.jpg,34523_mask.png
238979,train,238979_sat.jpg,238979_mask.png
759949,train,759949_sat.jpg,759949_mask.png
818396,train,818396_sat.jpg,818396_mask.png
889787,train,889787_sat.jpg,889787_mask.png
161576,train,161576_sat.jpg,161576_mask.png
395621,train,395621_sat.jpg,395621_mask.png
974637,train,974637_sat.jpg,974637_mask.png
38093,train,38093_sat.jpg,38093_mask.png
124016,train,124016_sat.jpg,124016_mask.png
654556,train,654556_sat.jpg,654556_mask.png
232039,train,232039_sat.jpg,232039_mask.png
153918,train,153918_sat.jpg,153918_mask.png
693141,train,693141_sat.jpg,693141_mask.png
212548,train,212548_sat.jpg,212548_mask.png
52304,train,52304_sat.jpg,52304_mask.png
996088,train,996088_sat.jpg,996088_mask.png
516362,train,516362_sat.jpg,516362_mask.png
147586,train,147586_sat.jpg,147586_mask.png
198077,train,198077_sat.jpg,198077_mask.png
383210,train,383210_sat.jpg,383210_mask.png
623501,train,623501_sat.jpg,623501_mask.png
146564,train,146564_sat.jpg,146564_mask.png
433149,train,433149_sat.jpg,433149_mask.png
435846,train,435846_sat.jpg,435846_mask.png
628136,train,628136_sat.jpg,628136_mask.png
642260,train,642260_sat.jpg,642260_mask.png
373943,train,373943_sat.jpg,373943_mask.png
592479,train,592479_sat.jpg,592479_mask.png
21197,train,21197_sat.jpg,21197_mask.png
620319,train,620319_sat.jpg,620319_mask.png
85690,train,85690_sat.jpg,85690_mask.png
285361,train,285361_sat.jpg,285361_mask.png
941572,train,941572_sat.jpg,941572_mask.png
889379,train,889379_sat.jpg,889379_mask.png
612970,train,612970_sat.jpg,612970_mask.png
404910,train,404910_sat.jpg,404910_mask.png
689551,train,689551_sat.jpg,689551_mask.png
178641,train,178641_sat.jpg,178641_mask.png
899523,train,899523_sat.jpg,899523_mask.png
162554,train,162554_sat.jpg,162554_mask.png
765293,train,765293_sat.jpg,765293_mask.png
996898,train,996898_sat.jpg,996898_mask.png
989763,train,989763_sat.jpg,989763_mask.png
872391,train,872391_sat.jpg,872391_mask.png
13148,train,13148_sat.jpg,13148_mask.png
170223,train,170223_sat.jpg,170223_mask.png
393127,train,393127_sat.jpg,393127_mask.png
446860,train,446860_sat.jpg,446860_mask.png
13870,train,13870_sat.jpg,13870_mask.png
864981,train,864981_sat.jpg,864981_mask.png
262288,train,262288_sat.jpg,262288_mask.png
826780,train,826780_sat.jpg,826780_mask.png
34524,train,34524_sat.jpg,34524_mask.png
658602,train,658602_sat.jpg,658602_mask.png
206362,train,206362_sat.jpg,206362_mask.png
183970,train,183970_sat.jpg,183970_mask.png
303966,train,303966_sat.jpg,303966_mask.png
422909,train,422909_sat.jpg,422909_mask.png
549863,train,549863_sat.jpg,549863_mask.png
955401,train,955401_sat.jpg,955401_mask.png
373640,train,373640_sat.jpg,373640_mask.png
19424,train,19424_sat.jpg,19424_mask.png
148294,train,148294_sat.jpg,148294_mask.png
979688,train,979688_sat.jpg,979688_mask.png
165219,train,165219_sat.jpg,165219_mask.png
761056,train,761056_sat.jpg,761056_mask.png
116658,train,116658_sat.jpg,116658_mask.png
532269,train,532269_sat.jpg,532269_mask.png
708311,train,708311_sat.jpg,708311_mask.png
408303,train,408303_sat.jpg,408303_mask.png
344627,train,344627_sat.jpg,344627_mask.png
113288,train,113288_sat.jpg,113288_mask.png
419030,train,419030_sat.jpg,419030_mask.png
554966,train,554966_sat.jpg,554966_mask.png
765569,train,765569_sat.jpg,765569_mask.png
377472,train,377472_sat.jpg,377472_mask.png
681344,train,681344_sat.jpg,681344_mask.png
504527,train,504527_sat.jpg,504527_mask.png
100081,train,100081_sat.jpg,100081_mask.png
722267,train,722267_sat.jpg,722267_mask.png
236731,train,236731_sat.jpg,236731_mask.png
864863,train,864863_sat.jpg,864863_mask.png
486292,train,486292_sat.jpg,486292_mask.png
187593,train,187593_sat.jpg,187593_mask.png
768086,train,768086_sat.jpg,768086_mask.png
519132,train,519132_sat.jpg,519132_mask.png
449678,train,449678_sat.jpg,449678_mask.png
323579,train,323579_sat.jpg,323579_mask.png
847244,train,847244_sat.jpg,847244_mask.png
132806,train,132806_sat.jpg,132806_mask.png
215352,train,215352_sat.jpg,215352_mask.png
600841,train,600841_sat.jpg,600841_mask.png
802758,train,802758_sat.jpg,802758_mask.png
391989,train,391989_sat.jpg,391989_mask.png
913282,train,913282_sat.jpg,913282_mask.png
322428,train,322428_sat.jpg,322428_mask.png
125426,train,125426_sat.jpg,125426_mask.png
607896,train,607896_sat.jpg,607896_mask.png
782622,train,782622_sat.jpg,782622_mask.png
951195,train,951195_sat.jpg,951195_mask.png
386497,train,386497_sat.jpg,386497_mask.png
141959,train,141959_sat.jpg,141959_mask.png
650720,train,650720_sat.jpg,650720_mask.png
69853,train,69853_sat.jpg,69853_mask.png
912979,train,912979_sat.jpg,912979_mask.png
640623,train,640623_sat.jpg,640623_mask.png
160113,train,160113_sat.jpg,160113_mask.png
186646,train,186646_sat.jpg,186646_mask.png
997687,train,997687_sat.jpg,997687_mask.png
932457,train,932457_sat.jpg,932457_mask.png
956924,train,956924_sat.jpg,956924_mask.png
179705,train,179705_sat.jpg,179705_mask.png
35189,train,35189_sat.jpg,35189_mask.png
366622,train,366622_sat.jpg,366622_mask.png
667059,train,667059_sat.jpg,667059_mask.png
580246,train,580246_sat.jpg,580246_mask.png
421081,train,421081_sat.jpg,421081_mask.png
563801,train,563801_sat.jpg,563801_mask.png
180734,train,180734_sat.jpg,180734_mask.png
520111,train,520111_sat.jpg,520111_mask.png
741749,train,741749_sat.jpg,741749_mask.png
65617,train,65617_sat.jpg,65617_mask.png
202076,train,202076_sat.jpg,202076_mask.png
946567,train,946567_sat.jpg,946567_mask.png
736666,train,736666_sat.jpg,736666_mask.png
619754,train,619754_sat.jpg,619754_mask.png
253169,train,253169_sat.jpg,253169_mask.png
187387,train,187387_sat.jpg,187387_mask.png
179541,train,179541_sat.jpg,179541_mask.png
585134,train,585134_sat.jpg,585134_mask.png
624936,train,624936_sat.jpg,624936_mask.png
836812,train,836812_sat.jpg,836812_mask.png
329219,train,329219_sat.jpg,329219_mask.png
615647,train,615647_sat.jpg,615647_mask.png
954725,train,954725_sat.jpg,954725_mask.png
358199,train,358199_sat.jpg,358199_mask.png
217242,train,217242_sat.jpg,217242_mask.png
217377,train,217377_sat.jpg,217377_mask.png
835924,train,835924_sat.jpg,835924_mask.png
363544,train,363544_sat.jpg,363544_mask.png
38128,train,38128_sat.jpg,38128_mask.png
565072,train,565072_sat.jpg,565072_mask.png
613639,train,613639_sat.jpg,613639_mask.png
236589,train,236589_sat.jpg,236589_mask.png
666886,train,666886_sat.jpg,666886_mask.png
933320,train,933320_sat.jpg,933320_mask.png
700576,train,700576_sat.jpg,700576_mask.png
679091,train,679091_sat.jpg,679091_mask.png
690430,train,690430_sat.jpg,690430_mask.png
24405,train,24405_sat.jpg,24405_mask.png
989174,train,989174_sat.jpg,989174_mask.png
5947,train,5947_sat.jpg,5947_mask.png
919427,train,919427_sat.jpg,919427_mask.png
63865,train,63865_sat.jpg,63865_mask.png
850713,train,850713_sat.jpg,850713_mask.png
54024,train,54024_sat.jpg,54024_mask.png
551684,train,551684_sat.jpg,551684_mask.png
56001,train,56001_sat.jpg,56001_mask.png
823886,train,823886_sat.jpg,823886_mask.png
260967,train,260967_sat.jpg,260967_mask.png
842655,train,842655_sat.jpg,842655_mask.png
503760,train,503760_sat.jpg,503760_mask.png
229952,train,229952_sat.jpg,229952_mask.png
987822,train,987822_sat.jpg,987822_mask.png
793162,train,793162_sat.jpg,793162_mask.png
178753,train,178753_sat.jpg,178753_mask.png
928614,train,928614_sat.jpg,928614_mask.png
305664,train,305664_sat.jpg,305664_mask.png
607022,train,607022_sat.jpg,607022_mask.png
61522,train,61522_sat.jpg,61522_mask.png
457238,train,457238_sat.jpg,457238_mask.png
525743,train,525743_sat.jpg,525743_mask.png
673904,train,673904_sat.jpg,673904_mask.png
948644,train,948644_sat.jpg,948644_mask.png
232316,train,232316_sat.jpg,232316_mask.png
10486,train,10486_sat.jpg,10486_mask.png
457456,train,457456_sat.jpg,457456_mask.png
446778,train,446778_sat.jpg,446778_mask.png
213407,train,213407_sat.jpg,213407_mask.png
633221,train,633221_sat.jpg,633221_mask.png
14361,train,14361_sat.jpg,14361_mask.png
201729,train,201729_sat.jpg,201729_mask.png
435582,train,435582_sat.jpg,435582_mask.png
821625,train,821625_sat.jpg,821625_mask.png
866662,train,866662_sat.jpg,866662_mask.png
103447,train,103447_sat.jpg,103447_mask.png
490221,train,490221_sat.jpg,490221_mask.png
229907,train,229907_sat.jpg,229907_mask.png
233804,train,233804_sat.jpg,233804_mask.png
251425,train,251425_sat.jpg,251425_mask.png
285214,train,285214_sat.jpg,285214_mask.png
757498,train,757498_sat.jpg,757498_mask.png
871656,train,871656_sat.jpg,871656_mask.png
142391,train,142391_sat.jpg,142391_mask.png
398587,train,398587_sat.jpg,398587_mask.png
282861,train,282861_sat.jpg,282861_mask.png
439402,train,439402_sat.jpg,439402_mask.png
185622,train,185622_sat.jpg,185622_mask.png
303268,train,303268_sat.jpg,303268_mask.png
656508,train,656508_sat.jpg,656508_mask.png
282956,train,282956_sat.jpg,282956_mask.png
604143,train,604143_sat.jpg,604143_mask.png
458486,train,458486_sat.jpg,458486_mask.png
246908,train,246908_sat.jpg,246908_mask.png
752601,train,752601_sat.jpg,752601_mask.png
872260,train,872260_sat.jpg,872260_mask.png
394175,train,394175_sat.jpg,394175_mask.png
806712,train,806712_sat.jpg,806712_mask.png
342201,train,342201_sat.jpg,342201_mask.png
869413,train,869413_sat.jpg,869413_mask.png
381926,train,381926_sat.jpg,381926_mask.png
144605,train,144605_sat.jpg,144605_mask.png
318912,train,318912_sat.jpg,318912_mask.png
386323,train,386323_sat.jpg,386323_mask.png
187103,train,187103_sat.jpg,187103_mask.png
577422,train,577422_sat.jpg,577422_mask.png
442850,train,442850_sat.jpg,442850_mask.png
404315,train,404315_sat.jpg,404315_mask.png
673848,train,673848_sat.jpg,673848_mask.png
88199,train,88199_sat.jpg,88199_mask.png
632403,train,632403_sat.jpg,632403_mask.png
60212,train,60212_sat.jpg,60212_mask.png
485951,train,485951_sat.jpg,485951_mask.png
749627,train,749627_sat.jpg,749627_mask.png
916422,train,916422_sat.jpg,916422_mask.png
917891,train,917891_sat.jpg,917891_mask.png
184564,train,184564_sat.jpg,184564_mask.png
452183,train,452183_sat.jpg,452183_mask.png
632124,train,632124_sat.jpg,632124_mask.png
715606,train,715606_sat.jpg,715606_mask.png
836312,train,836312_sat.jpg,836312_mask.png
345705,train,345705_sat.jpg,345705_mask.png
472152,train,472152_sat.jpg,472152_mask.png
977848,train,977848_sat.jpg,977848_mask.png
344133,train,344133_sat.jpg,344133_mask.png
40555,train,40555_sat.jpg,40555_mask.png
565871,train,565871_sat.jpg,565871_mask.png
439408,train,439408_sat.jpg,439408_mask.png
718185,train,718185_sat.jpg,718185_mask.png
28727,train,28727_sat.jpg,28727_mask.png
860513,train,860513_sat.jpg,860513_mask.png
898704,train,898704_sat.jpg,898704_mask.png
661812,train,661812_sat.jpg,661812_mask.png
773440,train,773440_sat.jpg,773440_mask.png
326742,train,326742_sat.jpg,326742_mask.png
89161,train,89161_sat.jpg,89161_mask.png
407808,train,407808_sat.jpg,407808_mask.png
441633,train,441633_sat.jpg,441633_mask.png
148960,train,148960_sat.jpg,148960_mask.png
90232,train,90232_sat.jpg,90232_mask.png
543577,train,543577_sat.jpg,543577_mask.png
818225,train,818225_sat.jpg,818225_mask.png
680270,train,680270_sat.jpg,680270_mask.png
217741,train,217741_sat.jpg,217741_mask.png
529643,train,529643_sat.jpg,529643_mask.png
34520,train,34520_sat.jpg,34520_mask.png
58569,train,58569_sat.jpg,58569_mask.png
1054,train,1054_sat.jpg,1054_mask.png
753384,train,753384_sat.jpg,753384_mask.png
233110,train,233110_sat.jpg,233110_mask.png
669038,train,669038_sat.jpg,669038_mask.png
693813,train,693813_sat.jpg,693813_mask.png
24185,train,24185_sat.jpg,24185_mask.png
243873,train,243873_sat.jpg,243873_mask.png
830740,train,830740_sat.jpg,830740_mask.png
301591,train,301591_sat.jpg,301591_mask.png
32058,train,32058_sat.jpg,32058_mask.png
694261,train,694261_sat.jpg,694261_mask.png
816279,train,816279_sat.jpg,816279_mask.png
712648,train,712648_sat.jpg,712648_mask.png
296658,train,296658_sat.jpg,296658_mask.png
949143,train,949143_sat.jpg,949143_mask.png
244013,train,244013_sat.jpg,244013_mask.png
48094,train,48094_sat.jpg,48094_mask.png
334697,train,334697_sat.jpg,334697_mask.png
287902,train,287902_sat.jpg,287902_mask.png
625386,train,625386_sat.jpg,625386_mask.png
298975,train,298975_sat.jpg,298975_mask.png
374575,train,374575_sat.jpg,374575_mask.png
769782,train,769782_sat.jpg,769782_mask.png
930446,train,930446_sat.jpg,930446_mask.png
552300,train,552300_sat.jpg,552300_mask.png
390011,train,390011_sat.jpg,390011_mask.png
230583,train,230583_sat.jpg,230583_mask.png
684145,train,684145_sat.jpg,684145_mask.png
711325,train,711325_sat.jpg,711325_mask.png
100129,train,100129_sat.jpg,100129_mask.png
401413,train,401413_sat.jpg,401413_mask.png
226279,train,226279_sat.jpg,226279_mask.png
48845,train,48845_sat.jpg,48845_mask.png
451626,train,451626_sat.jpg,451626_mask.png
372482,train,372482_sat.jpg,372482_mask.png
327487,train,327487_sat.jpg,327487_mask.png
372422,train,372422_sat.jpg,372422_mask.png
943692,train,943692_sat.jpg,943692_mask.png
488449,train,488449_sat.jpg,488449_mask.png
208309,train,208309_sat.jpg,208309_mask.png
107469,train,107469_sat.jpg,107469_mask.png
357288,train,357288_sat.jpg,357288_mask.png
648598,train,648598_sat.jpg,648598_mask.png
462975,train,462975_sat.jpg,462975_mask.png
497307,train,497307_sat.jpg,497307_mask.png
237086,train,237086_sat.jpg,237086_mask.png
837683,train,837683_sat.jpg,837683_mask.png
222724,train,222724_sat.jpg,222724_mask.png
719394,train,719394_sat.jpg,719394_mask.png
588289,train,588289_sat.jpg,588289_mask.png
299284,train,299284_sat.jpg,299284_mask.png
60774,train,60774_sat.jpg,60774_mask.png
229851,train,229851_sat.jpg,229851_mask.png
366050,train,366050_sat.jpg,366050_mask.png
101296,train,101296_sat.jpg,101296_mask.png
590750,train,590750_sat.jpg,590750_mask.png
307151,train,307151_sat.jpg,307151_mask.png
219601,train,219601_sat.jpg,219601_mask.png
804011,train,804011_sat.jpg,804011_mask.png
684066,train,684066_sat.jpg,684066_mask.png
401257,train,401257_sat.jpg,401257_mask.png
949427,train,949427_sat.jpg,949427_mask.png
992317,train,992317_sat.jpg,992317_mask.png
417273,train,417273_sat.jpg,417273_mask.png
240166,train,240166_sat.jpg,240166_mask.png
744975,train,744975_sat.jpg,744975_mask.png
475041,train,475041_sat.jpg,475041_mask.png
204189,train,204189_sat.jpg,204189_mask.png
165784,train,165784_sat.jpg,165784_mask.png
729444,train,729444_sat.jpg,729444_mask.png
122537,train,122537_sat.jpg,122537_mask.png
39045,train,39045_sat.jpg,39045_mask.png
964308,train,964308_sat.jpg,964308_mask.png
270299,train,270299_sat.jpg,270299_mask.png
601576,train,601576_sat.jpg,601576_mask.png
392686,train,392686_sat.jpg,392686_mask.png
636014,train,636014_sat.jpg,636014_mask.png
474132,train,474132_sat.jpg,474132_mask.png
743506,train,743506_sat.jpg,743506_mask.png
735617,train,735617_sat.jpg,735617_mask.png
815188,train,815188_sat.jpg,815188_mask.png
866782,train,866782_sat.jpg,866782_mask.png
724993,train,724993_sat.jpg,724993_mask.png
446334,train,446334_sat.jpg,446334_mask.png
285121,train,285121_sat.jpg,285121_mask.png
353070,train,353070_sat.jpg,353070_mask.png
602377,train,602377_sat.jpg,602377_mask.png
141518,train,141518_sat.jpg,141518_mask.png
787095,train,787095_sat.jpg,787095_mask.png
138050,train,138050_sat.jpg,138050_mask.png
96905,train,96905_sat.jpg,96905_mask.png
756116,train,756116_sat.jpg,756116_mask.png
390365,train,390365_sat.jpg,390365_mask.png
845136,train,845136_sat.jpg,845136_mask.png
22153,train,22153_sat.jpg,22153_mask.png
642894,train,642894_sat.jpg,642894_mask.png
927707,train,927707_sat.jpg,927707_mask.png
357846,train,357846_sat.jpg,357846_mask.png
723196,train,723196_sat.jpg,723196_mask.png
451163,train,451163_sat.jpg,451163_mask.png
18309,train,18309_sat.jpg,18309_mask.png
566139,train,566139_sat.jpg,566139_mask.png
209943,train,209943_sat.jpg,209943_mask.png
147151,train,147151_sat.jpg,147151_mask.png
603840,train,603840_sat.jpg,603840_mask.png
266047,train,266047_sat.jpg,266047_mask.png
985064,train,985064_sat.jpg,985064_mask.png
689911,train,689911_sat.jpg,689911_mask.png
492842,train,492842_sat.jpg,492842_mask.png
234132,train,234132_sat.jpg,234132_mask.png
611848,train,611848_sat.jpg,611848_mask.png
666640,train,666640_sat.jpg,666640_mask.png
105596,train,105596_sat.jpg,105596_mask.png
738906,train,738906_sat.jpg,738906_mask.png
714791,train,714791_sat.jpg,714791_mask.png
52477,train,52477_sat.jpg,52477_mask.png
997999,train,997999_sat.jpg,997999_mask.png
479347,train,479347_sat.jpg,479347_mask.png
56371,train,56371_sat.jpg,56371_mask.png
273498,train,273498_sat.jpg,273498_mask.png
191015,train,191015_sat.jpg,191015_mask.png
980975,train,980975_sat.jpg,980975_mask.png
307492,train,307492_sat.jpg,307492_mask.png
745107,train,745107_sat.jpg,745107_mask.png
532685,train,532685_sat.jpg,532685_mask.png
236644,train,236644_sat.jpg,236644_mask.png
445545,train,445545_sat.jpg,445545_mask.png
907468,train,907468_sat.jpg,907468_mask.png
825933,train,825933_sat.jpg,825933_mask.png
792667,train,792667_sat.jpg,792667_mask.png
222833,train,222833_sat.jpg,222833_mask.png
315665,train,315665_sat.jpg,315665_mask.png
518383,train,518383_sat.jpg,518383_mask.png
707576,train,707576_sat.jpg,707576_mask.png
193210,train,193210_sat.jpg,193210_mask.png
734704,train,734704_sat.jpg,734704_mask.png
649675,train,649675_sat.jpg,649675_mask.png
159696,train,159696_sat.jpg,159696_mask.png
723143,train,723143_sat.jpg,723143_mask.png
974696,train,974696_sat.jpg,974696_mask.png
671143,train,671143_sat.jpg,671143_mask.png
161446,train,161446_sat.jpg,161446_mask.png
789055,train,789055_sat.jpg,789055_mask.png
582585,train,582585_sat.jpg,582585_mask.png
106718,train,106718_sat.jpg,106718_mask.png
95932,train,95932_sat.jpg,95932_mask.png
985661,train,985661_sat.jpg,985661_mask.png
621008,train,621008_sat.jpg,621008_mask.png
630865,train,630865_sat.jpg,630865_mask.png
969845,train,969845_sat.jpg,969845_mask.png
44563,train,44563_sat.jpg,44563_mask.png
349510,train,349510_sat.jpg,349510_mask.png
966308,train,966308_sat.jpg,966308_mask.png
833021,train,833021_sat.jpg,833021_mask.png
683467,train,683467_sat.jpg,683467_mask.png
152193,train,152193_sat.jpg,152193_mask.png
132987,train,132987_sat.jpg,132987_mask.png
623461,train,623461_sat.jpg,623461_mask.png
29509,train,29509_sat.jpg,29509_mask.png
982013,train,982013_sat.jpg,982013_mask.png
655767,train,655767_sat.jpg,655767_mask.png
620912,train,620912_sat.jpg,620912_mask.png
150624,train,150624_sat.jpg,150624_mask.png
52743,train,52743_sat.jpg,52743_mask.png
955526,train,955526_sat.jpg,955526_mask.png
544055,train,544055_sat.jpg,544055_mask.png
976438,train,976438_sat.jpg,976438_mask.png
430950,train,430950_sat.jpg,430950_mask.png
703489,train,703489_sat.jpg,703489_mask.png
606850,train,606850_sat.jpg,606850_mask.png
306622,train,306622_sat.jpg,306622_mask.png
126481,train,126481_sat.jpg,126481_mask.png
704571,train,704571_sat.jpg,704571_mask.png
849199,train,849199_sat.jpg,849199_mask.png
608052,train,608052_sat.jpg,608052_mask.png
707152,train,707152_sat.jpg,707152_mask.png
829522,train,829522_sat.jpg,829522_mask.png
89241,train,89241_sat.jpg,89241_mask.png
237220,train,237220_sat.jpg,237220_mask.png
109094,train,109094_sat.jpg,109094_mask.png
281355,train,281355_sat.jpg,281355_mask.png
847602,train,847602_sat.jpg,847602_mask.png
403212,train,403212_sat.jpg,403212_mask.png
316216,train,316216_sat.jpg,316216_mask.png
123343,train,123343_sat.jpg,123343_mask.png
173458,train,173458_sat.jpg,173458_mask.png
739225,train,739225_sat.jpg,739225_mask.png
659670,train,659670_sat.jpg,659670_mask.png
351829,train,351829_sat.jpg,351829_mask.png
212070,train,212070_sat.jpg,212070_mask.png
354704,train,354704_sat.jpg,354704_mask.png
745880,train,745880_sat.jpg,745880_mask.png
799094,train,799094_sat.jpg,799094_mask.png
484976,train,484976_sat.jpg,484976_mask.png
897973,train,897973_sat.jpg,897973_mask.png
703054,train,703054_sat.jpg,703054_mask.png
294143,train,294143_sat.jpg,294143_mask.png
920696,train,920696_sat.jpg,920696_mask.png
505727,train,505727_sat.jpg,505727_mask.png
128550,train,128550_sat.jpg,128550_mask.png
266627,train,266627_sat.jpg,266627_mask.png
393590,train,393590_sat.jpg,393590_mask.png
849469,train,849469_sat.jpg,849469_mask.png
122885,train,122885_sat.jpg,122885_mask.png
692502,train,692502_sat.jpg,692502_mask.png
804001,train,804001_sat.jpg,804001_mask.png
582996,train,582996_sat.jpg,582996_mask.png
786824,train,786824_sat.jpg,786824_mask.png
508222,train,508222_sat.jpg,508222_mask.png
6383,train,6383_sat.jpg,6383_mask.png
299115,train,299115_sat.jpg,299115_mask.png
957208,train,957208_sat.jpg,957208_mask.png
839898,train,839898_sat.jpg,839898_mask.png
61865,train,61865_sat.jpg,61865_mask.png
905298,train,905298_sat.jpg,905298_mask.png
788177,train,788177_sat.jpg,788177_mask.png
530575,train,530575_sat.jpg,530575_mask.png
522914,train,522914_sat.jpg,522914_mask.png
873862,train,873862_sat.jpg,873862_mask.png
344565,train,344565_sat.jpg,344565_mask.png
521396,train,521396_sat.jpg,521396_mask.png
169287,train,169287_sat.jpg,169287_mask.png
189556,train,189556_sat.jpg,189556_mask.png
712417,train,712417_sat.jpg,712417_mask.png
793498,train,793498_sat.jpg,793498_mask.png
857169,train,857169_sat.jpg,857169_mask.png
396274,train,396274_sat.jpg,396274_mask.png
6822,train,6822_sat.jpg,6822_mask.png
828130,train,828130_sat.jpg,828130_mask.png
331119,train,331119_sat.jpg,331119_mask.png
770659,train,770659_sat.jpg,770659_mask.png
882639,train,882639_sat.jpg,882639_mask.png
105856,train,105856_sat.jpg,105856_mask.png
398890,train,398890_sat.jpg,398890_mask.png
660517,train,660517_sat.jpg,660517_mask.png
40882,train,40882_sat.jpg,40882_mask.png
110849,train,110849_sat.jpg,110849_mask.png
818648,train,818648_sat.jpg,818648_mask.png
987408,train,987408_sat.jpg,987408_mask.png
478066,train,478066_sat.jpg,478066_mask.png
556106,train,556106_sat.jpg,556106_mask.png
396744,train,396744_sat.jpg,396744_mask.png
167472,train,167472_sat.jpg,167472_mask.png
39277,train,39277_sat.jpg,39277_mask.png
461993,train,461993_sat.jpg,461993_mask.png
289483,train,289483_sat.jpg,289483_mask.png
592931,train,592931_sat.jpg,592931_mask.png
289584,train,289584_sat.jpg,289584_mask.png
136504,train,136504_sat.jpg,136504_mask.png
845366,train,845366_sat.jpg,845366_mask.png
47136,train,47136_sat.jpg,47136_mask.png
760962,train,760962_sat.jpg,760962_mask.png
466064,train,466064_sat.jpg,466064_mask.png
571624,train,571624_sat.jpg,571624_mask.png
557198,train,557198_sat.jpg,557198_mask.png
665500,train,665500_sat.jpg,665500_mask.png
492666,train,492666_sat.jpg,492666_mask.png
794215,train,794215_sat.jpg,794215_mask.png
706709,train,706709_sat.jpg,706709_mask.png
400877,train,400877_sat.jpg,400877_mask.png
480788,train,480788_sat.jpg,480788_mask.png
491843,train,491843_sat.jpg,491843_mask.png
771180,train,771180_sat.jpg,771180_mask.png
299142,train,299142_sat.jpg,299142_mask.png
941186,train,941186_sat.jpg,941186_mask.png
909613,train,909613_sat.jpg,909613_mask.png
286361,train,286361_sat.jpg,286361_mask.png
979669,train,979669_sat.jpg,979669_mask.png
320163,train,320163_sat.jpg,320163_mask.png
908874,train,908874_sat.jpg,908874_mask.png
55826,train,55826_sat.jpg,55826_mask.png
755575,train,755575_sat.jpg,755575_mask.png
788696,train,788696_sat.jpg,788696_mask.png
940374,train,940374_sat.jpg,940374_mask.png
795731,train,795731_sat.jpg,795731_mask.png
612645,train,612645_sat.jpg,612645_mask.png
373548,train,373548_sat.jpg,373548_mask.png
17863,train,17863_sat.jpg,17863_mask.png
700268,train,700268_sat.jpg,700268_mask.png
290194,train,290194_sat.jpg,290194_mask.png
233250,train,233250_sat.jpg,233250_mask.png
594709,train,594709_sat.jpg,594709_mask.png
62724,train,62724_sat.jpg,62724_mask.png
709202,train,709202_sat.jpg,709202_mask.png
551940,train,551940_sat.jpg,551940_mask.png
411731,train,411731_sat.jpg,411731_mask.png
215069,train,215069_sat.jpg,215069_mask.png
734244,train,734244_sat.jpg,734244_mask.png
237923,train,237923_sat.jpg,237923_mask.png
222673,train,222673_sat.jpg,222673_mask.png
714780,train,714780_sat.jpg,714780_mask.png
124989,train,124989_sat.jpg,124989_mask.png
753215,train,753215_sat.jpg,753215_mask.png
669960,train,669960_sat.jpg,669960_mask.png
461706,train,461706_sat.jpg,461706_mask.png
954319,train,954319_sat.jpg,954319_mask.png
290295,train,290295_sat.jpg,290295_mask.png
914417,train,914417_sat.jpg,914417_mask.png
928443,train,928443_sat.jpg,928443_mask.png
932794,train,932794_sat.jpg,932794_mask.png
574395,train,574395_sat.jpg,574395_mask.png
575577,train,575577_sat.jpg,575577_mask.png
150334,train,150334_sat.jpg,150334_mask.png
455105,train,455105_sat.jpg,455105_mask.png
93993,train,93993_sat.jpg,93993_mask.png
73185,train,73185_sat.jpg,73185_mask.png
224260,train,224260_sat.jpg,224260_mask.png
538331,train,538331_sat.jpg,538331_mask.png
596179,train,596179_sat.jpg,596179_mask.png
882735,train,882735_sat.jpg,882735_mask.png
107582,train,107582_sat.jpg,107582_mask.png
683788,train,683788_sat.jpg,683788_mask.png
594703,train,594703_sat.jpg,594703_mask.png
370418,train,370418_sat.jpg,370418_mask.png
309974,train,309974_sat.jpg,309974_mask.png
801587,train,801587_sat.jpg,801587_mask.png
8048,train,8048_sat.jpg,8048_mask.png
69568,train,69568_sat.jpg,69568_mask.png
578247,train,578247_sat.jpg,578247_mask.png
810101,train,810101_sat.jpg,810101_mask.png
238385,train,238385_sat.jpg,238385_mask.png
57377,train,57377_sat.jpg,57377_mask.png
407644,train,407644_sat.jpg,407644_mask.png
897131,train,897131_sat.jpg,897131_mask.png
534822,train,534822_sat.jpg,534822_mask.png
214068,train,214068_sat.jpg,214068_mask.png
94225,train,94225_sat.jpg,94225_mask.png
600754,train,600754_sat.jpg,600754_mask.png
143700,train,143700_sat.jpg,143700_mask.png
989343,train,989343_sat.jpg,989343_mask.png
749787,train,749787_sat.jpg,749787_mask.png
894555,train,894555_sat.jpg,894555_mask.png
43235,train,43235_sat.jpg,43235_mask.png
485516,train,485516_sat.jpg,485516_mask.png
397493,train,397493_sat.jpg,397493_mask.png
586070,train,586070_sat.jpg,586070_mask.png
207641,train,207641_sat.jpg,207641_mask.png
23870,train,23870_sat.jpg,23870_mask.png
877088,train,877088_sat.jpg,877088_mask.png
422040,train,422040_sat.jpg,422040_mask.png
244100,train,244100_sat.jpg,244100_mask.png
561896,train,561896_sat.jpg,561896_mask.png
351590,train,351590_sat.jpg,351590_mask.png
875559,train,875559_sat.jpg,875559_mask.png
733881,train,733881_sat.jpg,733881_mask.png
346739,train,346739_sat.jpg,346739_mask.png
152661,train,152661_sat.jpg,152661_mask.png
628060,train,628060_sat.jpg,628060_mask.png
70933,train,70933_sat.jpg,70933_mask.png
201844,train,201844_sat.jpg,201844_mask.png
592996,train,592996_sat.jpg,592996_mask.png
813998,train,813998_sat.jpg,813998_mask.png
240997,train,240997_sat.jpg,240997_mask.png
945849,train,945849_sat.jpg,945849_mask.png
412667,train,412667_sat.jpg,412667_mask.png
485141,train,485141_sat.jpg,485141_mask.png
781938,train,781938_sat.jpg,781938_mask.png
88646,train,88646_sat.jpg,88646_mask.png
920471,train,920471_sat.jpg,920471_mask.png
608864,train,608864_sat.jpg,608864_mask.png
789021,train,789021_sat.jpg,789021_mask.png
383456,train,383456_sat.jpg,383456_mask.png
691662,train,691662_sat.jpg,691662_mask.png
782227,train,782227_sat.jpg,782227_mask.png
91468,train,91468_sat.jpg,91468_mask.png
879744,train,879744_sat.jpg,879744_mask.png
817465,train,817465_sat.jpg,817465_mask.png
947986,train,947986_sat.jpg,947986_mask.png
825309,train,825309_sat.jpg,825309_mask.png
613916,train,613916_sat.jpg,613916_mask.png
919024,train,919024_sat.jpg,919024_mask.png
996111,train,996111_sat.jpg,996111_mask.png
837143,train,837143_sat.jpg,837143_mask.png
159040,train,159040_sat.jpg,159040_mask.png
878345,train,878345_sat.jpg,878345_mask.png
919201,train,919201_sat.jpg,919201_mask.png
181929,train,181929_sat.jpg,181929_mask.png
936193,train,936193_sat.jpg,936193_mask.png
825218,train,825218_sat.jpg,825218_mask.png
705579,train,705579_sat.jpg,705579_mask.png
602097,train,602097_sat.jpg,602097_mask.png
130967,train,130967_sat.jpg,130967_mask.png
293742,train,293742_sat.jpg,293742_mask.png
601597,train,601597_sat.jpg,601597_mask.png
48419,train,48419_sat.jpg,48419_mask.png
825134,train,825134_sat.jpg,825134_mask.png
768007,train,768007_sat.jpg,768007_mask.png
678463,train,678463_sat.jpg,678463_mask.png
363434,train,363434_sat.jpg,363434_mask.png
899000,train,899000_sat.jpg,899000_mask.png
508905,train,508905_sat.jpg,508905_mask.png
53065,train,53065_sat.jpg,53065_mask.png
276327,train,276327_sat.jpg,276327_mask.png
335112,train,335112_sat.jpg,335112_mask.png
59116,train,59116_sat.jpg,59116_mask.png
597803,train,597803_sat.jpg,597803_mask.png
507236,train,507236_sat.jpg,507236_mask.png
356160,train,356160_sat.jpg,356160_mask.png
641511,train,641511_sat.jpg,641511_mask.png
583583,train,583583_sat.jpg,583583_mask.png
583569,train,583569_sat.jpg,583569_mask.png
604596,train,604596_sat.jpg,604596_mask.png
883346,train,883346_sat.jpg,883346_mask.png
834264,train,834264_sat.jpg,834264_mask.png
594358,train,594358_sat.jpg,594358_mask.png
18867,train,18867_sat.jpg,18867_mask.png
534759,train,534759_sat.jpg,534759_mask.png
968022,train,968022_sat.jpg,968022_mask.png
119673,train,119673_sat.jpg,119673_mask.png
653030,train,653030_sat.jpg,653030_mask.png
518657,train,518657_sat.jpg,518657_mask.png
737666,train,737666_sat.jpg,737666_mask.png
604560,train,604560_sat.jpg,604560_mask.png
487582,train,487582_sat.jpg,487582_mask.png
223078,train,223078_sat.jpg,223078_mask.png
33463,train,33463_sat.jpg,33463_mask.png
243913,train,243913_sat.jpg,243913_mask.png
571802,train,571802_sat.jpg,571802_mask.png
994850,train,994850_sat.jpg,994850_mask.png
410585,train,410585_sat.jpg,410585_mask.png
926812,train,926812_sat.jpg,926812_mask.png
448172,train,448172_sat.jpg,448172_mask.png
155149,train,155149_sat.jpg,155149_mask.png
435254,train,435254_sat.jpg,435254_mask.png
153170,train,153170_sat.jpg,153170_mask.png
22174,train,22174_sat.jpg,22174_mask.png
789110,train,789110_sat.jpg,789110_mask.png
561005,train,561005_sat.jpg,561005_mask.png
842539,train,842539_sat.jpg,842539_mask.png
958571,train,958571_sat.jpg,958571_mask.png
577078,train,577078_sat.jpg,577078_mask.png
689078,train,689078_sat.jpg,689078_mask.png
402305,train,402305_sat.jpg,402305_mask.png
36082,train,36082_sat.jpg,36082_mask.png
217703,train,217703_sat.jpg,217703_mask.png
990503,train,990503_sat.jpg,990503_mask.png
480057,train,480057_sat.jpg,480057_mask.png
114405,train,114405_sat.jpg,114405_mask.png
707088,train,707088_sat.jpg,707088_mask.png
635410,train,635410_sat.jpg,635410_mask.png
512098,train,512098_sat.jpg,512098_mask.png
437316,train,437316_sat.jpg,437316_mask.png
840809,train,840809_sat.jpg,840809_mask.png
949499,train,949499_sat.jpg,949499_mask.png
564189,train,564189_sat.jpg,564189_mask.png
8971,train,8971_sat.jpg,8971_mask.png
505418,train,505418_sat.jpg,505418_mask.png
515491,train,515491_sat.jpg,515491_mask.png
365590,train,365590_sat.jpg,365590_mask.png
760338,train,760338_sat.jpg,760338_mask.png
364140,train,364140_sat.jpg,364140_mask.png
476264,train,476264_sat.jpg,476264_mask.png
419061,train,419061_sat.jpg,419061_mask.png
433352,train,433352_sat.jpg,433352_mask.png
238585,train,238585_sat.jpg,238585_mask.png
536368,train,536368_sat.jpg,536368_mask.png
263910,train,263910_sat.jpg,263910_mask.png
471129,train,471129_sat.jpg,471129_mask.png
412858,train,412858_sat.jpg,412858_mask.png
164519,train,164519_sat.jpg,164519_mask.png
234632,train,234632_sat.jpg,234632_mask.png
283392,train,283392_sat.jpg,283392_mask.png
172458,train,172458_sat.jpg,172458_mask.png
390893,train,390893_sat.jpg,390893_mask.png
27607,train,27607_sat.jpg,27607_mask.png
474500,train,474500_sat.jpg,474500_mask.png
961487,train,961487_sat.jpg,961487_mask.png
37982,train,37982_sat.jpg,37982_mask.png
543558,train,543558_sat.jpg,543558_mask.png
677828,train,677828_sat.jpg,677828_mask.png
406774,train,406774_sat.jpg,406774_mask.png
626159,train,626159_sat.jpg,626159_mask.png
80773,train,80773_sat.jpg,80773_mask.png
384735,train,384735_sat.jpg,384735_mask.png
679949,train,679949_sat.jpg,679949_mask.png
979932,train,979932_sat.jpg,979932_mask.png
534629,train,534629_sat.jpg,534629_mask.png
282986,train,282986_sat.jpg,282986_mask.png
411211,train,411211_sat.jpg,411211_mask.png
485034,train,485034_sat.jpg,485034_mask.png
244381,train,244381_sat.jpg,244381_mask.png
411017,train,411017_sat.jpg,411017_mask.png
769287,train,769287_sat.jpg,769287_mask.png
839125,train,839125_sat.jpg,839125_mask.png
636079,train,636079_sat.jpg,636079_mask.png
61348,train,61348_sat.jpg,61348_mask.png
774730,train,774730_sat.jpg,774730_mask.png
291379,train,291379_sat.jpg,291379_mask.png
365028,train,365028_sat.jpg,365028_mask.png
434900,train,434900_sat.jpg,434900_mask.png
44974,train,44974_sat.jpg,44974_mask.png
405216,train,405216_sat.jpg,405216_mask.png
255324,train,255324_sat.jpg,255324_mask.png
993012,train,993012_sat.jpg,993012_mask.png
707157,train,707157_sat.jpg,707157_mask.png
473650,train,473650_sat.jpg,473650_mask.png
111202,train,111202_sat.jpg,111202_mask.png
513194,train,513194_sat.jpg,513194_mask.png
792552,train,792552_sat.jpg,792552_mask.png
290735,train,290735_sat.jpg,290735_mask.png
878826,train,878826_sat.jpg,878826_mask.png
228483,train,228483_sat.jpg,228483_mask.png
649408,train,649408_sat.jpg,649408_mask.png
956757,train,956757_sat.jpg,956757_mask.png
522539,train,522539_sat.jpg,522539_mask.png
586239,train,586239_sat.jpg,586239_mask.png
464064,train,464064_sat.jpg,464064_mask.png
979149,train,979149_sat.jpg,979149_mask.png
475284,train,475284_sat.jpg,475284_mask.png
60445,train,60445_sat.jpg,60445_mask.png
157037,train,157037_sat.jpg,157037_mask.png
371502,train,371502_sat.jpg,371502_mask.png
734675,train,734675_sat.jpg,734675_mask.png
870408,train,870408_sat.jpg,870408_mask.png
